is_new,date_added,fit_score,title,salary,city,commute_min,why_fit,enriched,board,link
False,2026-07-12,100,"Senior Mid-Market New Business Account Executive, Uber for Business US&C",215000,New York,55,B2B client experience (Star Communications); account/client relationship management; 5+ yrs sales across four industries,yes,themuse,https://www.themuse.com/jobs/uber/senior-midmarket-new-business-account-executive-uber-for-business-usc
False,2026-07-12,100,Director of Enterprise Sales,200000,Unknown,,account/client relationship management; pipeline building & new business generation; 5+ yrs sales across four industries,yes,poelgroup,https://jobs.poelgroup.com/jb/Director-of-Enterprise-Sales-Jobs-in-Clifton-New-Jersey/14155050
False,2026-07-12,100,"Sales Manager, SMB Restaurants Hero Accounts - New York",,New York,55,"account/client relationship management; 5+ yrs sales across four industries; ran high-volume service ops (200 units/mo, 7 techs)",yes,themuse,https://www.themuse.com/jobs/uber/sales-manager-smb-restaurants-hero-accounts-new-york
False,2026-07-12,100,Enterprise Accounts Sales Executive,,Remote,0,B2B client experience (Star Communications); account/client relationship management; 5+ yrs sales across four industries,yes,themuse,https://www.themuse.com/jobs/autodesk/enterprise-accounts-sales-executive
False,2026-07-12,100,Outside Salesperson – Remote #132210,,Remote,0,"pipeline building & new business generation; 5+ yrs sales across four industries; strong AI/automation interest, built AI tools",yes,candibots,https://candibots.com/jobs/outside-salesperson-remote/
False,2026-07-12,100,Salesperson – Tri State Area #143687,,Unknown,,account/client relationship management; pipeline building & new business generation; 5+ yrs sales across four industries,yes,candibots,https://candibots.com/jobs/salesperson-tri-state-area/
False,2026-07-12,96,Client Success Manager,200000,Brooklyn,85,"account/client relationship management; 5+ yrs sales across four industries; ran high-volume service ops (200 units/mo, 7 techs)",yes,adzuna,https://www.adzuna.com/details/5775982878?utm_medium=api&utm_source=946f5d01
False,2026-07-12,92,Business Development Manager - National Accounts,172532,Manhattan,55,account/client relationship management; pipeline building & new business generation; 5+ yrs sales across four industries,yes,adzuna,https://www.adzuna.com/land/ad/5703174478?se=BGDibyh-8RG0uInBdMUEjg&utm_medium=api&utm_source=946f5d01&v=3CE3D74E7801D3EFD4B6B31C51950216123110A6
False,2026-07-12,92,National Sales Manager,170000,Union,40,account/client relationship management; pipeline building & new business generation; 5+ yrs sales across four industries,yes,adzuna,https://www.adzuna.com/land/ad/5794339352?se=-kEubyh-8RG6JP0nGhfLVg&utm_medium=api&utm_source=946f5d01&v=8C9C01DB7BC8632FBAA34A9CF64C1663AF812721
False,2026-07-12,92,Business Development Manager,170000,Union,40,"pipeline building & new business generation; 5+ yrs sales across four industries; ran high-volume service ops (200 units/mo, 7 techs)",yes,adzuna,https://www.adzuna.com/land/ad/5794338128?se=BGDibyh-8RG0uInBdMUEjg&utm_medium=api&utm_source=946f5d01&v=2A5D3EE3F38055EF8BD31A754D0A476EBD324F56
False,2026-07-12,92,"Account Manager – Woodbridge, NJ #147952",,Woodbridge,20,account/client relationship management; pipeline building & new business generation; 5+ yrs sales across four industries,yes,candibots,https://candibots.com/jobs/account-manager-woodbridge-nj/
False,2026-07-12,92,"Sales Representative – Sayreville, NJ/Remote #148877",,Remote,0,account/client relationship management; pipeline building & new business generation; 5+ yrs sales across four industries,yes,candibots,https://candibots.com/jobs/sales-representative-sayreville-nj-remote/
False,2026-07-12,92,Outbound Salesperson – Remote #113344,,Remote,0,account/client relationship management; pipeline building & new business generation; 5+ yrs sales across four industries,yes,candibots,https://candibots.com/jobs/outbound-salesperson-remote/
False,2026-07-12,88,Outside Salesperson – Tri State Area #143626,,New York,55,pipeline building & new business generation; 5+ yrs sales across four industries; multi-channel lead nurturing experience,yes,candibots,https://candibots.com/jobs/outside-salesperson-tri-state-area/
False,2026-07-12,84,Microsoft Ecosystem Business Development Director,446163,Manhattan,55,account/client relationship management; pipeline building & new business generation; leadership/ops management background,yes,adzuna,https://www.adzuna.com/land/ad/5794973557?se=BGDibyh-8RG0uInBdMUEjg&utm_medium=api&utm_source=946f5d01&v=46E456223CBF0612328FDC2CF132E196930370F9
False,2026-07-12,84,Microsoft Ecosystem Business Development Director,373994,Unknown,,account/client relationship management; pipeline building & new business generation; leadership/ops management background,yes,adzuna,https://www.adzuna.com/land/ad/5795009266?se=BGDibyh-8RG0uInBdMUEjg&utm_medium=api&utm_source=946f5d01&v=439DD7F4F84029AFDA8ECF813ECC349C569562CF
False,2026-07-12,84,Google Ecosystem Business Development Director,361920,Manhattan,55,account/client relationship management; pipeline building & new business generation; leadership/ops management background,yes,adzuna,https://www.adzuna.com/land/ad/5773109160?se=BGDibyh-8RG0uInBdMUEjg&utm_medium=api&utm_source=946f5d01&v=74ACFB11313AB84142F2AF204CF74C1AD428DD78
False,2026-07-12,84,Regional Sales Manager - Mid-Market,158494,Manhattan,55,account/client relationship management; pipeline building & new business generation; 5+ yrs sales across four industries,yes,adzuna,https://www.adzuna.com/land/ad/5760801594?se=-kEubyh-8RG6JP0nGhfLVg&utm_medium=api&utm_source=946f5d01&v=2D2A4B18EB676C4A7937DC719CEAAEE6C3CF9C43
False,2026-07-12,84,"Account Executive, Enterprise",,Remote,0,"account/client relationship management; 5+ yrs sales across four industries; strong AI/automation interest, built AI tools",yes,themuse,https://www.themuse.com/jobs/flexport/account-executive-enterprise-0e9af1
False,2026-07-12,84,Director of Development,,Unknown,,"account/client relationship management; ran high-volume service ops (200 units/mo, 7 techs); management experience (Feldmar service center)",yes,jewishjobs,"https://www.jewishjobs.com/search/-/-/y/5111,57670"
False,2026-07-12,80,Business Development Manager,180000,Piscataway,20,account/client relationship management; pipeline building & new business generation; 5+ yrs sales across four industries,yes,jooble,https://jooble.org/away/-7259721747235154181?p=1&pos=20&rgn=30472&cid=15057&ckey=account+executive&jobAge=61&brelb=100&scr=48.49738&bscr=48.49738&aq=-7957313913312643794&elckey=-8376325485084513766
False,2026-07-12,80,SALES MANAGER - 1941,175000,Unknown,,pipeline building & new business generation; 5+ yrs sales across four industries; management experience (Feldmar service center),yes,bhired,https://recruiterflow.com/Bhired/jobs/1941?widget=1
False,2026-07-12,80,SALES REP - 2219,150000,Brooklyn,85,B2B client experience (Star Communications); account/client relationship management; 5+ yrs sales across four industries,yes,bhired,https://recruiterflow.com/Bhired/jobs/2219?widget=1
False,2026-07-12,80,Senior Copier Account Executive,142000,Unknown,,B2B client experience (Star Communications); account/client relationship management; pipeline building & new business generation,yes,adzuna,https://www.adzuna.com/land/ad/5794347431?se=LjmscCh-8RGPV6LIQ2afmA&utm_medium=api&utm_source=946f5d01&v=BC30D0BF17FDB9F3D038EE2623362F2CDC02C1D5
False,2026-07-12,80,"Client Success Manager – New York, NY #148810",,New York,55,account/client relationship management; 5+ yrs sales across four industries; management experience (Feldmar service center),yes,candibots,https://candibots.com/jobs/client-success-manager-new-york-ny/
False,2026-07-12,80,Director of Development Operations,,Brooklyn,85,"account/client relationship management; pipeline building & new business generation; ran high-volume service ops (200 units/mo, 7 techs)",yes,jewishstaffing,https://www.jewishstaffing.com/jobs/view/6750867bcbdf4c053a600451/director-of-development-operations-at-merkos-302-in-brooklyn-ny
False,2026-07-12,80,"Salesman – Manhattan, NY #130399",,Manhattan,55,"pipeline building & new business generation; 5+ yrs sales across four industries; strong AI/automation interest, built AI tools",yes,candibots,https://candibots.com/jobs/salesman-manhattan-ny/
False,2026-07-12,80,"Salesperson – Brooklyn, NY/North Jersey #115572",,Brooklyn,85,"pipeline building & new business generation; 5+ yrs sales across four industries; strong AI/automation interest, built AI tools",yes,candibots,https://candibots.com/jobs/salesperson-brooklyn-ny-north-jersey/
False,2026-07-12,76,"Account Executive, Retail CPG",337157,Manhattan,55,account/client relationship management; 5+ yrs sales across four industries; management experience (Feldmar service center),yes,adzuna,https://www.adzuna.com/land/ad/5760793881?se=LjmscCh-8RGPV6LIQ2afmA&utm_medium=api&utm_source=946f5d01&v=F42C8DF145F42E3758E5D4025DAC38143D46ACFA
False,2026-07-12,76,New Business Development Director,235700,Manhattan,55,pipeline building & new business generation; 5+ yrs sales across four industries; leadership/ops management background,yes,adzuna,https://www.adzuna.com/land/ad/5644340877?se=BGDibyh-8RG0uInBdMUEjg&utm_medium=api&utm_source=946f5d01&v=E6AFF75E8413B516788615ED29170DE636127C23
False,2026-07-12,76,New Business Development Director,197574,Unknown,,pipeline building & new business generation; 5+ yrs sales across four industries; leadership/ops management background,yes,adzuna,https://www.adzuna.com/land/ad/5644339106?se=BGDibyh-8RG0uInBdMUEjg&utm_medium=api&utm_source=946f5d01&v=F5F797849F5321E8BE62EC5231D2BC429F03C499
False,2026-07-12,76,Business Development Manager,180000,Edison,0,pipeline building & new business generation; 5+ yrs sales across four industries; management experience (Feldmar service center),yes,jooble,https://jooble.org/away/-5287932128481663930?p=1&pos=10&rgn=30472&cid=15057&ckey=sales+manager&jobAge=37&brelb=10&scr=106.15543&bscr=106.15543&aq=8458495097366452952&elckey=-3918552742973597592
False,2026-07-12,76,Client Success Director,162598,Trenton,45,account/client relationship management; tech/software familiarity + AI interest; leadership/ops management background,yes,adzuna,https://www.adzuna.com/land/ad/5784860269?se=7NZZcSh-8RGPV6LIQ2afmA&utm_medium=api&utm_source=946f5d01&v=440325DA3F06AAE06F4927022F81B18A2B6AFCE8
False,2026-07-12,76,DIRECTOR OF ONLINE SALES - 2230,150000,Brooklyn,85,"account/client relationship management; 5+ yrs sales across four industries; ran high-volume service ops (200 units/mo, 7 techs)",yes,bhired,https://recruiterflow.com/Bhired/jobs/2230?widget=1
False,2026-07-12,76,Sales Manager,141234,Unknown,,automotive sales (Mercedes-Benz); 5+ yrs sales across four industries; dealership sales experience (Mercedes-Benz),yes,adzuna,https://www.adzuna.com/details/5773504192?utm_medium=api&utm_source=946f5d01
False,2026-07-12,76,Director Business Development,130854,Trenton,45,pipeline building & new business generation; 5+ yrs sales across four industries; leadership/ops management background,yes,adzuna,https://www.adzuna.com/land/ad/5648114739?se=BGDibyh-8RG0uInBdMUEjg&utm_medium=api&utm_source=946f5d01&v=B345224EBB7E1C321DB6537F794EB2B652F108BC
False,2026-07-12,76,Senior Parts Sales Manager,,Remote,0,"5+ yrs sales across four industries; management experience (Feldmar service center); strong AI/automation interest, built AI tools",yes,themuse,https://www.themuse.com/jobs/gevernova/senior-parts-sales-manager-f11b56
False,2026-07-12,76,Senior Parts Sales Manager,,Remote,0,"5+ yrs sales across four industries; management experience (Feldmar service center); strong AI/automation interest, built AI tools",yes,themuse,https://www.themuse.com/jobs/gevernova/senior-parts-sales-manager-110cbe
False,2026-07-12,76,Market Manager,,New York,55,pipeline building & new business generation; 5+ yrs sales across four industries; management experience (Feldmar service center),yes,themuse,https://www.themuse.com/jobs/bankofamerica/market-manager-dbd809
False,2026-07-12,76,- Relationship Manager Development Program - Global Commercial Banking - Transformative Healthcare (New York/Boston),,New York,55,"5+ yrs sales across four industries; management experience (Feldmar service center); strong AI/automation interest, built AI tools",yes,themuse,https://www.themuse.com/jobs/bankofamerica/relationship-manager-development-program-global-commercial-banking-transformative-healthcare-new-yorkboston
False,2026-07-12,72,Strategic Account Manager,194407,Manhattan,55,"account/client relationship management; management experience (Feldmar service center); strong AI/automation interest, built AI tools",yes,adzuna,https://www.adzuna.com/land/ad/5793620754?se=7NZZcSh-8RGPV6LIQ2afmA&utm_medium=api&utm_source=946f5d01&v=8307BA4CF1D5FEBB304EB6A49059B48A3A313BC9
False,2026-07-12,72,"Global Sales Account Executive, Telecommunications",152967,Trenton,45,telecom/IT background (Star Communications); account/client relationship management; 5+ yrs sales across four industries,yes,adzuna,https://www.adzuna.com/land/ad/5727595766?se=LjmscCh-8RGPV6LIQ2afmA&utm_medium=api&utm_source=946f5d01&v=F4F749E9382FEC448A461211AD7327E0E3DFBADE
False,2026-07-12,72,Enterprise Business Development Manager (BDM),143405,Manhattan,55,account/client relationship management; pipeline building & new business generation; 5+ yrs sales across four industries,yes,adzuna,https://www.adzuna.com/land/ad/5785809562?se=BGDibyh-8RG0uInBdMUEjg&utm_medium=api&utm_source=946f5d01&v=B3BFA6AAAB4E749DAC42DAA8A94B98D90617F90C
False,2026-07-12,72,Payments Sales Manager- Asset Managers- Executive Director,142487,New York,55,5+ yrs sales across four industries; management experience (Feldmar service center); leadership/ops management background,yes,adzuna,https://www.adzuna.com/land/ad/5789983846?se=-kEubyh-8RG6JP0nGhfLVg&utm_medium=api&utm_source=946f5d01&v=DD17369E9FB01C197CE0C5F8DAB4887DD8B77F6A
False,2026-07-12,72,Hybrid Cloud Services Business Development Manager,,Edison (Hybrid),0,account/client relationship management; pipeline building & new business generation; 5+ yrs sales across four industries,yes,jooble,https://jooble.org/away/62698955345240530?p=1&pos=4&rgn=30472&cid=15057&ckey=business+development&jobAge=61&brelb=100&scr=166.44522&bscr=166.44522&aq=-8743698715668612262&elckey=1743436203366976633
False,2026-07-12,72,"Sales Representatives, Regional Sales Managers, Sales VP’s, and / or National Account Managers",,Woodbridge,20,account/client relationship management; 5+ yrs sales across four industries; management experience (Feldmar service center),yes,jooble,https://jooble.org/away/408532989617477361?p=1&pos=7&rgn=30472&cid=15057&ckey=sales+manager&jobAge=85&brelb=100&scr=130.7326&bscr=130.7326&aq=8458495097366452952&elckey=-3918552742973597592
False,2026-07-12,68,Business Development - Strategy Director,227647,Manhattan,55,B2B client experience (Star Communications); pipeline building & new business generation; leadership/ops management background,yes,adzuna,https://www.adzuna.com/land/ad/5529974809?se=BGDibyh-8RG0uInBdMUEjg&utm_medium=api&utm_source=946f5d01&v=94E886BC7DC1242A74C01BC0A78413CDA88F58BE
False,2026-07-12,68,Business Development - Strategy Director,221391,Manhattan,55,B2B client experience (Star Communications); pipeline building & new business generation; leadership/ops management background,yes,adzuna,https://www.adzuna.com/land/ad/5788688424?se=BGDibyh-8RG0uInBdMUEjg&utm_medium=api&utm_source=946f5d01&v=B638EC0212261D1A35AA9B79BD0A5CF8B4EBFEFC
False,2026-07-12,68,National Business Development Manager,211152,Manhattan,55,pipeline building & new business generation; 5+ yrs sales across four industries; management experience (Feldmar service center),yes,adzuna,https://www.adzuna.com/land/ad/5721088798?se=BGDibyh-8RG0uInBdMUEjg&utm_medium=api&utm_source=946f5d01&v=B0C89BBD1BB902FD430410A9D862F1C286CFAD2A
False,2026-07-12,68,"Director, Client Success",200000,New York,55,account/client relationship management; leadership/ops management background; 5+ yrs customer-facing client relations,yes,adzuna,https://www.adzuna.com/details/5767747326?utm_medium=api&utm_source=946f5d01
False,2026-07-12,68,"Market Sales Manager, Ann Sacks",185011,Nyc,55,account/client relationship management; 5+ yrs sales across four industries; management experience (Feldmar service center),yes,adzuna,https://www.adzuna.com/land/ad/5707871622?se=-kEubyh-8RG6JP0nGhfLVg&utm_medium=api&utm_source=946f5d01&v=DCD73A676925DC2BA75C84BAF198CE5CE68B7C5E
False,2026-07-12,68,Senior National Account Manager,175000,Remote,0,account/client relationship management; 5+ yrs sales across four industries; management experience (Feldmar service center),yes,jooble,https://jooble.org/away/-6877831952936112781?p=1&pos=1&rgn=30472&cid=15057&ckey=sales+manager&jobAge=32&brelb=10&scr=238.71034&bscr=238.71034&aq=8458495097366452952&elckey=-3918552742973597592
False,2026-07-12,68,"Senior Manager, Business Development & Partnerships",145859,Manhattan,55,"pipeline building & new business generation; 5+ yrs sales across four industries; ran high-volume service ops (200 units/mo, 7 techs)",yes,adzuna,https://www.adzuna.com/land/ad/5796963180?se=BGDibyh-8RG0uInBdMUEjg&utm_medium=api&utm_source=946f5d01&v=F528C829E79B1AFED719C4A5BCE1E58431138938
False,2026-07-12,68,Head of Escrow Sales,142254,New York,55,"account/client relationship management; 5+ yrs sales across four industries; strong AI/automation interest, built AI tools",yes,adzuna,https://www.adzuna.com/land/ad/5789984621?se=7NZZcSh-8RGPV6LIQ2afmA&utm_medium=api&utm_source=946f5d01&v=E4AC81669E0371F16E416C4FB570E1E7DAB613F9
False,2026-07-12,68,Account Executive,134128,Manhattan,55,"account/client relationship management; 5+ yrs sales across four industries; strong AI/automation interest, built AI tools",yes,adzuna,https://www.adzuna.com/land/ad/5766253780?se=LjmscCh-8RGPV6LIQ2afmA&utm_medium=api&utm_source=946f5d01&v=BEF53C1F54F7ECD04DC6F97FA40F18300627F4C8
False,2026-07-12,68,Advertising Sales Account Executive,131418,Manhattan,55,automotive sales (Mercedes-Benz); account/client relationship management; 5+ yrs sales across four industries,yes,adzuna,https://www.adzuna.com/land/ad/4687975161?se=LjmscCh-8RGPV6LIQ2afmA&utm_medium=api&utm_source=946f5d01&v=C3135B1E59E569A5D466F220E7891DE0771F6B3E
False,2026-07-12,68,Cybersecurity Strategic Alliances-Business Development Partner,,Remote,0,pipeline building & new business generation; 5+ yrs sales across four industries; customer needs assessment & service ops,yes,themuse,https://www.themuse.com/jobs/kyndryl/cybersecurity-strategic-alliancesbusiness-development-partner
False,2026-07-12,68,"Sales Executive - Associate Director, New York (Financial Services)",,New York,55,account/client relationship management; 5+ yrs sales across four industries; leadership/ops management background,yes,jooble,https://jooble.org/away/-7746761351535096663?p=1&pos=4&rgn=30472&cid=15057&ckey=sales+manager&jobAge=157&brelb=10&scr=180.14247&bscr=180.14247&aq=8458495097366452952&elckey=-3918552742973597592
False,2026-07-12,68,"Alliance Sales Executive, Associate Director, Snowflake - Consumer & Health and TMT",,Woodbridge,20,account/client relationship management; 5+ yrs sales across four industries; management experience (Feldmar service center),yes,jooble,https://jooble.org/away/3333299568615439376?p=1&pos=19&rgn=30472&cid=15057&ckey=sales+manager&jobAge=85&brelb=100&scr=73.96412&bscr=73.96412&aq=8458495097366452952&elckey=-3918552742973597592
False,2026-07-12,68,"Alliance Sales Executive, Associate Director - IBM - Consumer Products & Retail",,Iselin,15,account/client relationship management; 5+ yrs sales across four industries; leadership/ops management background,yes,jooble,https://jooble.org/away/-1199809193465315164?p=1&pos=15&rgn=30472&cid=15057&ckey=account+executive&jobAge=133&brelb=10&scr=53.134514&bscr=53.134514&aq=-7957313913312643794&elckey=-8376325485084513766
False,2026-07-12,68,INSURANCE SALES PRODUCER - 2068,,New York,55,"account/client relationship management; 5+ yrs sales across four industries; strong AI/automation interest, built AI tools",yes,bhired,https://recruiterflow.com/Bhired/jobs/2068?widget=1
False,2026-07-12,64,Office Business Development Director,249763,Unknown,,"pipeline building & new business generation; leadership/ops management background; strong AI/automation interest, built AI tools",yes,adzuna,https://www.adzuna.com/land/ad/5606994678?se=BGDibyh-8RG0uInBdMUEjg&utm_medium=api&utm_source=946f5d01&v=7CE563853715AD1C0C4182BA35BA38FA7DA59948
False,2026-07-12,64,Office Business Development Director,216544,Newark,35,"pipeline building & new business generation; leadership/ops management background; strong AI/automation interest, built AI tools",yes,adzuna,https://www.adzuna.com/land/ad/5606994677?se=BGDibyh-8RG0uInBdMUEjg&utm_medium=api&utm_source=946f5d01&v=BF1A0494A644F440DAAD931F4064612123CEC0D7
False,2026-07-12,64,"Senior Director, Business Development - Northeast",212467,Manhattan,55,"pipeline building & new business generation; leadership/ops management background; strong AI/automation interest, built AI tools",yes,adzuna,https://www.adzuna.com/land/ad/5753884469?se=BGDibyh-8RG0uInBdMUEjg&utm_medium=api&utm_source=946f5d01&v=72BA6590FFA6236123FD7F158C295A27F58CAC64
False,2026-07-12,64,"Business Development Director, NORAM",210000,Woodbridge,20,pipeline building & new business generation; leadership/ops management background; customer needs assessment & service ops,yes,jooble,https://jooble.org/away/-4012675410481932151?p=1&pos=11&rgn=30472&cid=15057&ckey=business+development&jobAge=30&brelb=100&scr=107.13911&bscr=107.13911&aq=-8743698715668612262&elckey=1743436203366976633
False,2026-07-12,64,Business Development Manager - Travel Partnerships,209768,Manhattan,55,"pipeline building & new business generation; management experience (Feldmar service center); strong AI/automation interest, built AI tools",yes,adzuna,https://www.adzuna.com/land/ad/5794988981?se=BGDibyh-8RG0uInBdMUEjg&utm_medium=api&utm_source=946f5d01&v=CB82C734BD496981EF114CDF7A1A4A3B1D6094CE
False,2026-07-12,64,"Business Development Manager, Power Distribution",185182,Remote,0,"pipeline building & new business generation; management experience (Feldmar service center); strong AI/automation interest, built AI tools",yes,adzuna,https://www.adzuna.com/land/ad/5760785429?se=BGDibyh-8RG0uInBdMUEjg&utm_medium=api&utm_source=946f5d01&v=E2A76BFB1844A349BFDFD65624B6BE4DB910188A
False,2026-07-12,64,Business Development Manager,175395,Nyc,55,pipeline building & new business generation; management experience (Feldmar service center); 5+ yrs customer-facing client relations,yes,adzuna,https://www.adzuna.com/land/ad/5796684016?se=BGDibyh-8RG0uInBdMUEjg&utm_medium=api&utm_source=946f5d01&v=0C699EB1588EEF47907B58AD09138CA6830344B7
False,2026-07-12,64,Senior Account Manager,175000,New York,55,account/client relationship management; tech/software familiarity + AI interest; management experience (Feldmar service center),yes,adzuna,https://www.adzuna.com/land/ad/5797572271?se=7NZZcSh-8RGPV6LIQ2afmA&utm_medium=api&utm_source=946f5d01&v=8B461127564F5D6B7D1BC32FBF0F24B645944672
False,2026-07-12,64,Channel Sales Manager - IBM Alliance,169106,Manhattan,55,5+ yrs sales across four industries; management experience (Feldmar service center); 5+ yrs customer-facing client relations,yes,adzuna,https://www.adzuna.com/land/ad/5771308531?se=-kEubyh-8RG6JP0nGhfLVg&utm_medium=api&utm_source=946f5d01&v=233BD590A155CC7DF1C0914A03E9CCCD762FAC1C
False,2026-07-12,64,Channel Sales Manager - IBM Alliance,168901,Unknown,,5+ yrs sales across four industries; management experience (Feldmar service center); 5+ yrs customer-facing client relations,yes,adzuna,https://www.adzuna.com/land/ad/5771323035?se=-kEubyh-8RG6JP0nGhfLVg&utm_medium=api&utm_source=946f5d01&v=1C3B4C2E1966AD2A4F83FF0E9C8915673DC1E283
False,2026-07-12,64,"Enterprise Technical Sales Manager, NORAM",166214,Manhattan,55,"5+ yrs sales across four industries; management experience (Feldmar service center); strong AI/automation interest, built AI tools",yes,adzuna,https://www.adzuna.com/land/ad/5686644584?se=-kEubyh-8RG6JP0nGhfLVg&utm_medium=api&utm_source=946f5d01&v=40ACF21242FD53528650A73EAFFB9B98C2DEFEE6
False,2026-07-12,64,"Senior Director, Business Development",155769,Trenton,45,"pipeline building & new business generation; leadership/ops management background; strong AI/automation interest, built AI tools",yes,adzuna,https://www.adzuna.com/land/ad/5734707095?se=BGDibyh-8RG0uInBdMUEjg&utm_medium=api&utm_source=946f5d01&v=A5973C40CEFC130F3441BCD7A9A0FD3A69A1FEA4
False,2026-07-12,64,Director of Business Development,154527,Manhattan,55,"pipeline building & new business generation; leadership/ops management background; strong AI/automation interest, built AI tools",yes,adzuna,https://www.adzuna.com/land/ad/5767485801?se=BGDibyh-8RG0uInBdMUEjg&utm_medium=api&utm_source=946f5d01&v=DC08EEAA4B19DAECFA1F68CB44F816F7FC43695B
False,2026-07-12,64,"Director, Business Development - State Government",150852,Trenton,45,"pipeline building & new business generation; leadership/ops management background; strong AI/automation interest, built AI tools",yes,adzuna,https://www.adzuna.com/land/ad/5722427270?se=BGDibyh-8RG0uInBdMUEjg&utm_medium=api&utm_source=946f5d01&v=4510F19667DBB4475DA90AC6E3AADC7B46CECB53
False,2026-07-12,64,Sales Manager,150000,Unknown,,"5+ yrs sales across four industries; management experience (Feldmar service center); strong AI/automation interest, built AI tools",yes,adzuna,https://www.adzuna.com/details/5769073935?utm_medium=api&utm_source=946f5d01
False,2026-07-12,64,Senior Client Success Manager,150000,New York (Hybrid),55,"management experience (Feldmar service center); leadership/ops management background; strong AI/automation interest, built AI tools",yes,adzuna,https://www.adzuna.com/details/5726608058?utm_medium=api&utm_source=946f5d01
False,2026-07-12,64,Sales Account Executive,147320,New York,55,account/client relationship management; 5+ yrs sales across four industries; 5+ yrs customer-facing client relations,yes,adzuna,https://www.adzuna.com/land/ad/5605611885?se=LjmscCh-8RGPV6LIQ2afmA&utm_medium=api&utm_source=946f5d01&v=77B27B1E229614A1733B530FED9C53791398D89A
False,2026-07-12,64,Sales Manager,144441,Manhattan,55,"5+ yrs sales across four industries; management experience (Feldmar service center); strong AI/automation interest, built AI tools",yes,adzuna,https://www.adzuna.com/details/5762623245?utm_medium=api&utm_source=946f5d01
False,2026-07-12,64,"Associate Director, Client Success",140000,Manhattan,55,"management experience (Feldmar service center); leadership/ops management background; strong AI/automation interest, built AI tools",yes,adzuna,https://www.adzuna.com/details/5662186776?utm_medium=api&utm_source=946f5d01
False,2026-07-12,64,Client Success Engagement Manager,139513,Unknown,,"management experience (Feldmar service center); strong AI/automation interest, built AI tools; 5+ yrs customer-facing client relations",yes,adzuna,https://www.adzuna.com/details/5738524853?utm_medium=api&utm_source=946f5d01
False,2026-07-12,64,Fintech and Gaming - Payments Sales Manager - Executive Director,130579,New York,55,5+ yrs sales across four industries; management experience (Feldmar service center); leadership/ops management background,yes,adzuna,https://www.adzuna.com/land/ad/5789985682?se=-kEubyh-8RG6JP0nGhfLVg&utm_medium=api&utm_source=946f5d01&v=19E57A44F256BBF03A3FBEF47D174DAA6DFA9AED
False,2026-07-12,64,"Alliance Sales Executive, Associate Director - IBM - Consumer Products & Retail",,Iselin,15,"5+ yrs sales across four industries; ran high-volume service ops (200 units/mo, 7 techs); leadership/ops management background",yes,jooble,https://jooble.org/away/-1199809193465315164?p=1&pos=2&rgn=30472&cid=15057&ckey=sales+manager&jobAge=133&brelb=10&scr=201.24199&bscr=201.24199&aq=8458495097366452952&elckey=-3918552742973597592
False,2026-07-12,64,Customer Sales Manager,,Unknown,,"5+ yrs sales across four industries; management experience (Feldmar service center); strong AI/automation interest, built AI tools",yes,jooble,https://jooble.org/away/100448748649920421?p=1&pos=13&rgn=30472&cid=15057&ckey=sales+manager&jobAge=109&brelb=10&scr=87.50048&bscr=87.50048&aq=8458495097366452952&elckey=-3918552742973597592
False,2026-07-12,64,"Outbound Salesman – Eatontown, NJ #136386",,Unknown,,"pipeline building & new business generation; 5+ yrs sales across four industries; strong AI/automation interest, built AI tools",yes,candibots,https://candibots.com/jobs/outbound-salesman-eatontown-nj/
False,2026-07-12,64,Sales Marketer – Multiple Locations #118635,,Brooklyn,85,"pipeline building & new business generation; 5+ yrs sales across four industries; strong AI/automation interest, built AI tools",yes,candibots,https://candibots.com/jobs/sales-marketer-multiple-locations/
False,2026-07-12,60,"Senior Account Executive, Local Ads",229704,Manhattan,55,"account/client relationship management; 5+ yrs sales across four industries; strong AI/automation interest, built AI tools",yes,adzuna,https://www.adzuna.com/land/ad/5768842600?se=LjmscCh-8RGPV6LIQ2afmA&utm_medium=api&utm_source=946f5d01&v=8C00D77756CE2C481A27A9899A3DFB1AF9DD14D1
False,2026-07-12,60,Pre-Owned Sales Manager - Ferrari of Central New Jersey,200000,Edison,0,automotive sales (Mercedes-Benz); 5+ yrs sales across four industries; dealership sales experience (Mercedes-Benz),yes,jooble,https://jooble.org/away/1292233020708064837?p=1&pos=6&rgn=30472&cid=15057&ckey=sales+manager&jobAge=13&brelb=100&scr=135.11688&bscr=135.11688&aq=8458495097366452952&elckey=-3918552742973597592
False,2026-07-12,60,Account Executive - Midmarket VAST,180860,Manhattan,55,account/client relationship management; 5+ yrs sales across four industries; 5+ yrs customer-facing client relations,yes,adzuna,https://www.adzuna.com/land/ad/5797550805?se=LjmscCh-8RGPV6LIQ2afmA&utm_medium=api&utm_source=946f5d01&v=7627262A373731D630198A48E5DF803C0480E42B
False,2026-07-12,60,Business Development Manager,180000,Piscataway,20,pipeline building & new business generation; 5+ yrs sales across four industries; management experience (Feldmar service center),yes,jooble,https://jooble.org/away/-7259721747235154181?p=1&pos=14&rgn=30472&cid=15057&ckey=sales+manager&jobAge=61&brelb=100&scr=86.68748&bscr=86.68748&aq=8458495097366452952&elckey=-3918552742973597592
False,2026-07-12,60,Senior National Account Manager,175000,Remote,0,account/client relationship management; 5+ yrs sales across four industries; management experience (Feldmar service center),yes,jooble,https://jooble.org/away/-6877831952936112781?p=1&pos=1&rgn=30472&cid=15057&ckey=account+executive&jobAge=32&brelb=10&scr=117.692314&bscr=117.692314&aq=-7957313913312643794&elckey=-8376325485084513766
False,2026-07-12,60,Enterprise Customer Success Manager,160000,New York,55,"management experience (Feldmar service center); strong AI/automation interest, built AI tools; customer needs assessment & service ops",yes,adzuna,https://www.adzuna.com/details/5750178377?utm_medium=api&utm_source=946f5d01
False,2026-07-12,60,Business Development Manager (Northeast / East Coast),160000,Edison,0,account/client relationship management; pipeline building & new business generation; management experience (Feldmar service center),yes,jooble,https://jooble.org/desc/9189383764478179011?ckey=business+development&rgn=30472&pos=9&groupId=39085&elckey=1743436203366976633&p=1&aq=-8743698715668612262&cid=15057&jobAge=445&brelb=110&bscr=121.64122&scr=121.64122
False,2026-07-12,60,Trade & Working Capital - Business Development & Product Delivery - Executive Director,155261,Jersey City,60,pipeline building & new business generation; 5+ yrs sales across four industries; leadership/ops management background,yes,adzuna,https://www.adzuna.com/land/ad/5789984739?se=BGDibyh-8RG0uInBdMUEjg&utm_medium=api&utm_source=946f5d01&v=6AE3B349538615C7FACFFEBBA2B2CF76D352D910
False,2026-07-12,60,Territory Account Manager,150000,Unknown,,account/client relationship management; 5+ yrs sales across four industries; management experience (Feldmar service center),yes,jooble,https://jooble.org/away/1111810692979240303?p=1&pos=5&rgn=30472&cid=15057&ckey=sales+manager&jobAge=30&brelb=100&scr=176.78809&bscr=176.78809&aq=8458495097366452952&elckey=-3918552742973597592
False,2026-07-12,60,Territory Account Manager,150000,Unknown,,account/client relationship management; 5+ yrs sales across four industries; management experience (Feldmar service center),yes,jooble,https://jooble.org/away/1111810692979240303?p=1&pos=4&rgn=30472&cid=15057&ckey=account+executive&jobAge=30&brelb=100&scr=68.198456&bscr=68.198456&aq=-7957313913312643794&elckey=-8376325485084513766
False,2026-07-12,60,Group Sales Manager New York City Full Time 07/12/2026,150000,New York,55,account/client relationship management; 5+ yrs sales across four industries; management experience (Feldmar service center),yes,macherusa,https://macherusa.com/all/item/291285
False,2026-07-12,60,Business Development Executive,138395,Trenton,45,account/client relationship management; pipeline building & new business generation; customer needs assessment & service ops,yes,adzuna,https://www.adzuna.com/land/ad/5779748931?se=BGDibyh-8RG0uInBdMUEjg&utm_medium=api&utm_source=946f5d01&v=4E8770D87A13F1C198722FFBC5FB17CA7970299E
False,2026-07-12,60,Account Executive - Midmarket VAST,134799,Trenton,45,account/client relationship management; 5+ yrs sales across four industries; 5+ yrs customer-facing client relations,yes,adzuna,https://www.adzuna.com/land/ad/5797567810?se=LjmscCh-8RGPV6LIQ2afmA&utm_medium=api&utm_source=946f5d01&v=C4657293BAEA9BBE8DC981ED012A790C5630660A
False,2026-07-12,60,Area Sales Manager - New Jersey,132664,Union,40,"5+ yrs sales across four industries; management experience (Feldmar service center); strong AI/automation interest, built AI tools",yes,adzuna,https://www.adzuna.com/land/ad/5732082890?se=-kEubyh-8RG6JP0nGhfLVg&utm_medium=api&utm_source=946f5d01&v=5CD6062B5627313243AEA83DE4357A23542D27EB
False,2026-07-12,60,"Alliance Sales Executive, Associate Director - Microsoft State & Local Government",,Iselin,15,account/client relationship management; 5+ yrs sales across four industries; management experience (Feldmar service center),yes,jooble,https://jooble.org/away/3017562864446684806?p=1&pos=3&rgn=30472&cid=15057&ckey=sales+manager&jobAge=61&brelb=10&scr=192.78021&bscr=192.78021&aq=8458495097366452952&elckey=-3918552742973597592
False,2026-07-12,60,"Account Executive, Enterprise",,Remote,0,"account/client relationship management; strong AI/automation interest, built AI tools; customer needs assessment & service ops",yes,themuse,https://www.themuse.com/jobs/atlassian/account-executive-enterprise-f0f1bc
False,2026-07-12,56,Regional Director - New Jersey,350000,New Brunswick,10,"pipeline building & new business generation; ran high-volume service ops (200 units/mo, 7 techs); leadership/ops management background",yes,jooble,https://jooble.org/away/-748232103686141532?p=1&pos=8&rgn=30472&cid=15057&ckey=business+development&jobAge=85&brelb=100&scr=140.90251&bscr=140.90251&aq=-8743698715668612262&elckey=1743436203366976633
False,2026-07-12,56,Sales Manager,250000,Unknown,,"5+ yrs sales across four industries; management experience (Feldmar service center); strong AI/automation interest, built AI tools",yes,adzuna,https://www.adzuna.com/details/4437894090?utm_medium=api&utm_source=946f5d01
False,2026-07-12,56,"Manager, Americas Primary Markets Business Development",243024,Manhattan,55,"pipeline building & new business generation; management experience (Feldmar service center); strong AI/automation interest, built AI tools",yes,adzuna,https://www.adzuna.com/land/ad/5773548146?se=BGDibyh-8RG0uInBdMUEjg&utm_medium=api&utm_source=946f5d01&v=05E1EDC178867A56E37DF6A702A300D73A2163A3
False,2026-07-12,56,"Manager, Strategy & Business Development",234693,Manhattan,55,"pipeline building & new business generation; management experience (Feldmar service center); strong AI/automation interest, built AI tools",yes,adzuna,https://www.adzuna.com/land/ad/5745119585?se=BGDibyh-8RG0uInBdMUEjg&utm_medium=api&utm_source=946f5d01&v=CE82F82F88A09FD06B21C76D3EBAA24AA7F5A61D
False,2026-07-12,56,Business Development - Technical Recruiter,211437,Unknown,,account/client relationship management; pipeline building & new business generation; 5+ yrs sales across four industries,yes,adzuna,https://www.adzuna.com/land/ad/5783889369?se=BGDibyh-8RG0uInBdMUEjg&utm_medium=api&utm_source=946f5d01&v=B66295C86C8EFB6E8F4808B0A95F7FF5D6B69152
False,2026-07-12,56,"Associate Director, Business Development",209309,Rahway,20,"pipeline building & new business generation; ran high-volume service ops (200 units/mo, 7 techs); leadership/ops management background",yes,adzuna,https://www.adzuna.com/land/ad/5787547818?se=BGDibyh-8RG0uInBdMUEjg&utm_medium=api&utm_source=946f5d01&v=A6022AAF003D1789B804E470CA5ED47FAA49DC80
False,2026-07-12,56,"Regional Director, Enterprise Client Success",206933,Trenton,45,leadership/ops management background; 5+ yrs customer-facing client relations; customer needs assessment & service ops,yes,adzuna,https://www.adzuna.com/land/ad/5760854759?se=7NZZcSh-8RGPV6LIQ2afmA&utm_medium=api&utm_source=946f5d01&v=204DAB365A64F2174D6E755DA0390F17D0DC2C64
False,2026-07-12,56,Territory Sales Manager,190000,Edison,0,"5+ yrs sales across four industries; management experience (Feldmar service center); strong AI/automation interest, built AI tools",yes,jooble,https://jooble.org/away/3845751961759667422?p=1&pos=11&rgn=30472&cid=15057&ckey=sales+manager&jobAge=109&brelb=10&scr=95.30718&bscr=95.30718&aq=8458495097366452952&elckey=-3918552742973597592
False,2026-07-12,56,Business Development Manager,181585,Manhattan,55,pipeline building & new business generation; management experience (Feldmar service center); relationship-building track record,yes,adzuna,https://www.adzuna.com/land/ad/5694001636?se=BGDibyh-8RG0uInBdMUEjg&utm_medium=api&utm_source=946f5d01&v=8DE5AFDD93C5AF0EF6E5E8836B285112BA5FB155
False,2026-07-12,56,Business Development Manager,180000,Edison,0,pipeline building & new business generation; management experience (Feldmar service center); 5+ yrs customer-facing client relations,yes,jooble,https://jooble.org/away/-5287932128481663930?p=1&pos=1&rgn=30472&cid=15057&ckey=business+development&jobAge=37&brelb=10&scr=357.68674&bscr=357.68674&aq=-8743698715668612262&elckey=1743436203366976633
False,2026-07-12,56,Business Development Manager,180000,Piscataway,20,pipeline building & new business generation; management experience (Feldmar service center); customer needs assessment & service ops,yes,jooble,https://jooble.org/away/-7259721747235154181?p=1&pos=2&rgn=30472&cid=15057&ckey=business+development&jobAge=61&brelb=100&scr=286.67953&bscr=286.67953&aq=-8743698715668612262&elckey=1743436203366976633
False,2026-07-12,56,Business Development Manager,180000,Edison,0,pipeline building & new business generation; management experience (Feldmar service center); 5+ yrs customer-facing client relations,yes,jooble,https://jooble.org/away/-5287932128481663930?p=1&pos=10&rgn=30472&cid=15057&ckey=account+executive&jobAge=37&brelb=10&scr=59.37638&bscr=59.37638&aq=-7957313913312643794&elckey=-8376325485084513766
False,2026-07-12,56,"Sr. Account Executive, Telecom",173041,Manhattan,55,"telecom/IT background (Star Communications); account/client relationship management; strong AI/automation interest, built AI tools",yes,adzuna,https://www.adzuna.com/land/ad/5706686529?se=LjmscCh-8RGPV6LIQ2afmA&utm_medium=api&utm_source=946f5d01&v=8816BB797042CB7CDD01F377C96B548E5FD4DBDC
False,2026-07-12,56,Sales Manager,164325,Unknown,,"5+ yrs sales across four industries; management experience (Feldmar service center); strong AI/automation interest, built AI tools",yes,adzuna,https://www.adzuna.com/details/5755348849?utm_medium=api&utm_source=946f5d01
False,2026-07-12,56,"Salesperson – Property Management Accounts Brooklyn, NY $150k/year - 200k/year Comission Based The Salesperson will be r",150000,Brooklyn,85,account/client relationship management; 5+ yrs sales across four industries; relationship-building track record,no,swift,https://swiftstaffinggroup.com/positions/?job=3509338
False,2026-07-12,56,Sales Manager,150000,Manhattan (Hybrid),55,B2B client experience (Star Communications); 5+ yrs sales across four industries; management experience (Feldmar service center),yes,adzuna,https://www.adzuna.com/details/5650940189?utm_medium=api&utm_source=946f5d01
False,2026-07-12,56,Sales Manager,150000,New York,55,5+ yrs sales across four industries; management experience (Feldmar service center); 5+ yrs customer-facing client relations,yes,adzuna,https://www.adzuna.com/land/ad/4809874909?se=-kEubyh-8RG6JP0nGhfLVg&utm_medium=api&utm_source=946f5d01&v=4EC7A0BBB717ADEBF17E097B559C84B300EA1545
False,2026-07-12,56,Client Success Manager,150000,New York (Hybrid),55,"management experience (Feldmar service center); strong AI/automation interest, built AI tools; 5+ yrs customer-facing client relations",yes,adzuna,https://www.adzuna.com/details/5485543285?utm_medium=api&utm_source=946f5d01
False,2026-07-12,56,"Account Executive, Programmatic Sales",135394,Manhattan,55,"account/client relationship management; 5+ yrs sales across four industries; strong AI/automation interest, built AI tools",yes,adzuna,https://www.adzuna.com/land/ad/5738257515?se=LjmscCh-8RGPV6LIQ2afmA&utm_medium=api&utm_source=946f5d01&v=E6A4170544F390F278C9899928AD4FCCB5B9ED4D
False,2026-07-12,56,Client Success Manager - NYC,130000,Nyc (Hybrid),55,management experience (Feldmar service center); leadership/ops management background; 5+ yrs customer-facing client relations,yes,adzuna,https://www.adzuna.com/details/5739645062?utm_medium=api&utm_source=946f5d01
False,2026-07-12,56,"Salesperson Brooklyn, NY No Salary Comission Based The Outside Sales Representative will focus on selling a software sol",,Brooklyn,85,5+ yrs sales across four industries; in-person consultative sales background; 5+ yrs customer-facing client relations,yes,swift,https://swiftstaffinggroup.com/positions/?job=3588730
False,2026-07-12,56,SR Sales Manager - Industrial,,Remote,0,"5+ yrs sales across four industries; management experience (Feldmar service center); strong AI/automation interest, built AI tools",yes,themuse,https://www.themuse.com/jobs/gevernova/sr-sales-manager-industrial-f9017b
False,2026-07-12,56,"Alliance Sales Executive, Associate Director - NVIDIA - FS, C&R, and TMT",,Woodbridge,20,"5+ yrs sales across four industries; leadership/ops management background; strong AI/automation interest, built AI tools",yes,jooble,https://jooble.org/away/8663894169897091346?p=1&pos=16&rgn=30472&cid=15057&ckey=sales+manager&jobAge=13&brelb=100&scr=78.74165&bscr=78.74165&aq=8458495097366452952&elckey=-3918552742973597592
False,2026-07-12,56,Cloud Business Development Manager,,Edison,0,"pipeline building & new business generation; management experience (Feldmar service center); strong AI/automation interest, built AI tools",yes,jooble,https://jooble.org/away/-3751201359751560918?p=1&pos=3&rgn=30472&cid=15057&ckey=business+development&jobAge=37&brelb=100&scr=180.9922&bscr=180.9922&aq=-8743698715668612262&elckey=1743436203366976633
False,2026-07-12,56,"Associate Director, Business Development",,Rahway,20,"pipeline building & new business generation; leadership/ops management background; strong AI/automation interest, built AI tools",yes,jooble,https://jooble.org/away/-2725327929656900963?p=1&pos=12&rgn=30472&cid=15057&ckey=business+development&jobAge=86&brelb=10&scr=106.80371&bscr=106.80371&aq=-8743698715668612262&elckey=1743436203366976633
False,2026-07-12,56,"Associate Director, Business Development",,Rahway,20,"pipeline building & new business generation; leadership/ops management background; strong AI/automation interest, built AI tools",yes,jooble,https://jooble.org/away/5183015410295616553?p=1&pos=14&rgn=30472&cid=15057&ckey=business+development&jobAge=37&brelb=100&scr=92.76722&bscr=92.76722&aq=-8743698715668612262&elckey=1743436203366976633
False,2026-07-12,56,"Associate Director, Business Development",,Rahway,20,"pipeline building & new business generation; leadership/ops management background; strong AI/automation interest, built AI tools",yes,jooble,https://jooble.org/away/-1617192486102620002?p=1&pos=15&rgn=30472&cid=15057&ckey=business+development&jobAge=85&brelb=100&scr=92.136154&bscr=92.136154&aq=-8743698715668612262&elckey=1743436203366976633
False,2026-07-12,56,"Sales Support Representative – Lakewood, NJ/Brooklyn, NY #144072",,Brooklyn,85,"5+ yrs sales across four industries; strong AI/automation interest, built AI tools; sales negotiation experience",yes,candibots,https://candibots.com/jobs/sales-support-representative-lakewood-nj-brooklyn-ny/
False,2026-07-12,56,Private Client Advisor II,,New York,55,"pipeline building & new business generation; strong AI/automation interest, built AI tools; 5+ yrs customer-facing client relations",yes,themuse,https://www.themuse.com/jobs/bankofamerica/private-client-advisor-ii-399d57
False,2026-07-12,56,Private Client Advisor,,New York,55,"pipeline building & new business generation; strong AI/automation interest, built AI tools; 5+ yrs customer-facing client relations",yes,themuse,https://www.themuse.com/jobs/bankofamerica/private-client-advisor-38e40b
False,2026-07-12,56,SALES REP - 967,,Brooklyn,85,"5+ yrs sales across four industries; strong AI/automation interest, built AI tools; customer needs assessment & service ops",yes,bhired,https://recruiterflow.com/Bhired/jobs/967?widget=1
False,2026-07-12,52,Regional Director - New Jersey,350000,New Brunswick,10,"account/client relationship management; leadership/ops management background; strong AI/automation interest, built AI tools",yes,jooble,https://jooble.org/away/-748232103686141532?p=1&pos=5&rgn=30472&cid=15057&ckey=account+executive&jobAge=85&brelb=100&scr=65.94876&bscr=65.94876&aq=-7957313913312643794&elckey=-8376325485084513766
False,2026-07-12,52,Strategic Account Executive,233230,Manhattan,55,"account/client relationship management; strong AI/automation interest, built AI tools; customer needs assessment & service ops",yes,adzuna,https://www.adzuna.com/land/ad/5797555350?se=LjmscCh-8RGPV6LIQ2afmA&utm_medium=api&utm_source=946f5d01&v=2541690F2140C12FE20B5B7D5F24BFE473E90285
False,2026-07-12,52,"Dir, Business Development",221628,New York,55,account/client relationship management; pipeline building & new business generation; leadership/ops management background,yes,adzuna,https://www.adzuna.com/land/ad/5777177896?se=BGDibyh-8RG0uInBdMUEjg&utm_medium=api&utm_source=946f5d01&v=D1E4A90CECEBA8CD088CEB46F5FA005334ECF05B
False,2026-07-12,52,Sales Manager,189523,New York,55,account/client relationship management; 5+ yrs sales across four industries; management experience (Feldmar service center),yes,adzuna,https://www.adzuna.com/land/ad/5787500774?se=-kEubyh-8RG6JP0nGhfLVg&utm_medium=api&utm_source=946f5d01&v=3F18704CC124E7173FC5B7C10B458C318C5DFF10
False,2026-07-12,52,Senior Account Executive,186086,Trenton,45,"account/client relationship management; 5+ yrs sales across four industries; strong AI/automation interest, built AI tools",yes,adzuna,https://www.adzuna.com/land/ad/5778564400?se=LjmscCh-8RGPV6LIQ2afmA&utm_medium=api&utm_source=946f5d01&v=0FB232DC4E498E36E631C986690C669B446549BA
False,2026-07-12,52,Senior Group and Catering Sales Manager,168211,New York,55,account/client relationship management; 5+ yrs sales across four industries; management experience (Feldmar service center),yes,adzuna,https://www.adzuna.com/land/ad/5794981257?se=-kEubyh-8RG6JP0nGhfLVg&utm_medium=api&utm_source=946f5d01&v=F2806A1E2438247C6247FAB92615B7C4876530D9
False,2026-07-12,52,Consulting Sales Manager - Financial Services,167207,Trenton,45,account/client relationship management; 5+ yrs sales across four industries; management experience (Feldmar service center),yes,adzuna,https://www.adzuna.com/land/ad/5786326178?se=-kEubyh-8RG6JP0nGhfLVg&utm_medium=api&utm_source=946f5d01&v=F5367E49889E036171FF7B2E420DC726A6ABA408
False,2026-07-12,52,Senior Transient Sales Manager,151490,New York,55,account/client relationship management; 5+ yrs sales across four industries; management experience (Feldmar service center),yes,adzuna,https://www.adzuna.com/land/ad/5788681792?se=-kEubyh-8RG6JP0nGhfLVg&utm_medium=api&utm_source=946f5d01&v=5B01F785119F40D86B84186849CC9AF67C74B985
False,2026-07-12,52,Client Success Manager,135000,New York,55,management experience (Feldmar service center); 5+ yrs customer-facing client relations; client satisfaction focus (Star Communications),yes,adzuna,https://www.adzuna.com/details/5704974424?utm_medium=api&utm_source=946f5d01
False,2026-07-12,52,Strategic Account Executive,134278,Trenton,45,account/client relationship management; 5+ yrs sales across four industries; 5+ yrs customer-facing client relations,yes,adzuna,https://www.adzuna.com/land/ad/5628875452?se=LjmscCh-8RGPV6LIQ2afmA&utm_medium=api&utm_source=946f5d01&v=CA0E514E408577F01238F10BBEE099C761A98CB9
False,2026-07-12,52,Sales Manager,130543,Brooklyn,85,account/client relationship management; 5+ yrs sales across four industries; management experience (Feldmar service center),yes,adzuna,https://www.adzuna.com/details/5735902291?utm_medium=api&utm_source=946f5d01
False,2026-07-12,52,"Starlink Growth Lead, Midwest",,Remote,0,telecom/IT background (Star Communications); account/client relationship management; pipeline building & new business generation,yes,themuse,https://www.themuse.com/jobs/spacex/starlink-growth-lead-midwest
False,2026-07-12,52,Prime Named Account Executive,,Remote,0,"account/client relationship management; 5+ yrs sales across four industries; strong AI/automation interest, built AI tools",yes,themuse,https://www.themuse.com/jobs/salesforce/prime-named-account-executive-2f60b8
False,2026-07-12,48,BUSINESS DEVELOPMENT – M&A - 2058,350000,Brooklyn,85,"pipeline building & new business generation; strong AI/automation interest, built AI tools; relationship-building track record",yes,bhired,https://recruiterflow.com/Bhired/jobs/2058?widget=1
False,2026-07-12,48,"Fractional IT Manager (P/T, Hybrid NYC)",281958,Nyc (Hybrid),55,"management experience (Feldmar service center); leadership/ops management background; strong AI/automation interest, built AI tools",yes,adzuna,https://www.adzuna.com/land/ad/5720636446?se=7NZZcSh-8RGPV6LIQ2afmA&utm_medium=api&utm_source=946f5d01&v=3EC95EBD81D561B506E393BA837A9F28051B6709
False,2026-07-12,48,Account Executive - Mid-Market Retail,271114,Manhattan,55,"account/client relationship management; strong AI/automation interest, built AI tools; 5+ yrs customer-facing client relations",yes,adzuna,https://www.adzuna.com/land/ad/5572896469?se=LjmscCh-8RGPV6LIQ2afmA&utm_medium=api&utm_source=946f5d01&v=C98D01FB592BDBF753C533B2C2BC3471D12C568B
False,2026-07-12,48,Transit Architecture Business Development Director,268430,Manhattan,55,pipeline building & new business generation; leadership/ops management background; relationship cultivation background,yes,adzuna,https://www.adzuna.com/land/ad/5763142819?se=BGDibyh-8RG0uInBdMUEjg&utm_medium=api&utm_source=946f5d01&v=8BBF2971F581EB5355BCC8AE5880C9992B350865
False,2026-07-12,48,Sales Manager,250000,New York,55,5+ yrs sales across four industries; management experience (Feldmar service center); 5+ yrs customer-facing client relations,yes,adzuna,https://www.adzuna.com/details/5766571411?utm_medium=api&utm_source=946f5d01
False,2026-07-12,48,Sr Business Development Director,227328,Manhattan,55,pipeline building & new business generation; leadership/ops management background; relationship cultivation background,yes,adzuna,https://www.adzuna.com/land/ad/5724786600?se=BGDibyh-8RG0uInBdMUEjg&utm_medium=api&utm_source=946f5d01&v=95DA5ECE4BDD6FD00EF39B071918EEF8982574F4
False,2026-07-12,48,"Business Development Lead , Amazon Shipping",224326,Manhattan,55,"pipeline building & new business generation; strong AI/automation interest, built AI tools; customer needs assessment & service ops",yes,adzuna,https://www.adzuna.com/land/ad/5461702523?se=BGDibyh-8RG0uInBdMUEjg&utm_medium=api&utm_source=946f5d01&v=57148D03E252148850B4132FD717FEF4051B868A
False,2026-07-12,48,Business Development Executive- Capital Markets,210000,Unknown,,pipeline building & new business generation; IT infrastructure support experience; 5+ yrs customer-facing client relations,yes,jooble,https://jooble.org/away/-604266539785297634?p=1&pos=7&rgn=30472&cid=15057&ckey=business+development&jobAge=85&brelb=100&scr=144.67216&bscr=144.67216&aq=-8743698715668612262&elckey=1743436203366976633
False,2026-07-12,48,Channel Sales Manager - Anthropic Alliance,200282,Manhattan,55,"5+ yrs sales across four industries; management experience (Feldmar service center); strong AI/automation interest, built AI tools",yes,adzuna,https://www.adzuna.com/land/ad/5755014068?se=-kEubyh-8RG6JP0nGhfLVg&utm_medium=api&utm_source=946f5d01&v=C83A517FE71A6C324D4D7E0EFD9995ECC48E90C6
False,2026-07-12,48,Channel Sales Manager - Anthropic Alliance,200039,Unknown,,"5+ yrs sales across four industries; management experience (Feldmar service center); strong AI/automation interest, built AI tools",yes,adzuna,https://www.adzuna.com/land/ad/5755029959?se=-kEubyh-8RG6JP0nGhfLVg&utm_medium=api&utm_source=946f5d01&v=C7E0902281004AA442C1FDB484A9CB79A0093949
False,2026-07-12,48,Strategic Sales Manager - Northeast - Trauma,194040,Manhattan,55,5+ yrs sales across four industries; management experience (Feldmar service center); customer needs assessment & service ops,yes,adzuna,https://www.adzuna.com/land/ad/5770045477?se=-kEubyh-8RG6JP0nGhfLVg&utm_medium=api&utm_source=946f5d01&v=93061B8BF342ECC8DEB62D99EC18E100015DE79C
False,2026-07-12,48,"Business Development Manager, Merchant Technology",193750,Manhattan,55,pipeline building & new business generation; management experience (Feldmar service center); relationship cultivation background,yes,adzuna,https://www.adzuna.com/land/ad/5794988993?se=BGDibyh-8RG0uInBdMUEjg&utm_medium=api&utm_source=946f5d01&v=6274F7E0538595BA2C9209437550A41FAA803680
False,2026-07-12,48,Sales Manager,175000,Unknown,,5+ yrs sales across four industries; management experience (Feldmar service center); client satisfaction focus (Star Communications),yes,adzuna,https://www.adzuna.com/details/5701108255?utm_medium=api&utm_source=946f5d01
False,2026-07-12,48,Sales Manager,175000,Unknown,,5+ yrs sales across four industries; management experience (Feldmar service center); client satisfaction focus (Star Communications),yes,adzuna,https://www.adzuna.com/details/5701316622?utm_medium=api&utm_source=946f5d01
False,2026-07-12,48,Business Development - Strategy Director,174690,Trenton,45,pipeline building & new business generation; leadership/ops management background; relationship cultivation background,yes,adzuna,https://www.adzuna.com/land/ad/5795016411?se=BGDibyh-8RG0uInBdMUEjg&utm_medium=api&utm_source=946f5d01&v=D007E7BBFAA4C540BDD16D3337599641F3BB1B3D
False,2026-07-12,48,Account Executive,170201,Manhattan,55,"account/client relationship management; strong AI/automation interest, built AI tools; 5+ yrs customer-facing client relations",yes,adzuna,https://www.adzuna.com/land/ad/5797543576?se=LjmscCh-8RGPV6LIQ2afmA&utm_medium=api&utm_source=946f5d01&v=EA631732FD9658E928EA3EC979AA166ED9B3913C
False,2026-07-12,48,Senior Facility Manager,170000,New Brunswick,10,account/client relationship management; management experience (Feldmar service center); 5+ yrs customer-facing client relations,yes,jooble,https://jooble.org/away/3753331714569606728?p=1&pos=11&rgn=30472&cid=15057&ckey=account+executive&jobAge=133&brelb=10&scr=57.366814&bscr=57.366814&aq=-7957313913312643794&elckey=-8376325485084513766
False,2026-07-12,48,Media Sales Account Executive,169380,Manhattan,55,account/client relationship management; 5+ yrs sales across four industries,yes,adzuna,https://www.adzuna.com/land/ad/5787545336?se=LjmscCh-8RGPV6LIQ2afmA&utm_medium=api&utm_source=946f5d01&v=E2FE08E234EE0331176F9A78DFC2B0B33BF512AC
False,2026-07-12,48,Sales Manager,163077,Unknown,,5+ yrs sales across four industries; management experience (Feldmar service center); client satisfaction focus (Star Communications),yes,adzuna,https://www.adzuna.com/details/5699179211?utm_medium=api&utm_source=946f5d01
False,2026-07-12,48,Director of Sales & Marketing,155000,Unknown,,"5+ yrs sales across four industries; leadership/ops management background; strong AI/automation interest, built AI tools",yes,jooble,https://jooble.org/away/1764167073276309014?p=1&pos=17&rgn=30472&cid=15057&ckey=sales+manager&jobAge=85&brelb=100&scr=78.130035&bscr=78.130035&aq=8458495097366452952&elckey=-3918552742973597592
False,2026-07-12,48,Sales Manager,150000,Passaic,90,"5+ yrs sales across four industries; management experience (Feldmar service center); strong AI/automation interest, built AI tools",yes,adzuna,https://www.adzuna.com/details/5639930727?utm_medium=api&utm_source=946f5d01
False,2026-07-12,48,Sales Manager,150000,Manhattan,55,"5+ yrs sales across four industries; management experience (Feldmar service center); strong AI/automation interest, built AI tools",yes,adzuna,https://www.adzuna.com/details/5694061919?utm_medium=api&utm_source=946f5d01
False,2026-07-12,48,Sales Manager,147294,Queens,90,5+ yrs sales across four industries; management experience (Feldmar service center); client satisfaction focus (Star Communications),yes,adzuna,https://www.adzuna.com/land/ad/5787528444?se=-kEubyh-8RG6JP0nGhfLVg&utm_medium=api&utm_source=946f5d01&v=F2C7F39AFE964B205CB0CB5EB80DCFC76882B29D
False,2026-07-12,48,"Senior Program Director, Tolling & Contact Center Operations",143320,Newark,35,"ran high-volume service ops (200 units/mo, 7 techs); leadership/ops management background; 5+ yrs customer-facing client relations",yes,adzuna,https://www.adzuna.com/details/5766904140?utm_medium=api&utm_source=946f5d01
False,2026-07-12,48,"Senior Program Director, Tolling & Contact Center Operations",142417,Manhattan,55,"ran high-volume service ops (200 units/mo, 7 techs); leadership/ops management background; 5+ yrs customer-facing client relations",yes,adzuna,https://www.adzuna.com/details/5766903127?utm_medium=api&utm_source=946f5d01
False,2026-07-12,48,Sales Manager,135065,Brooklyn,85,5+ yrs sales across four industries; management experience (Feldmar service center); relationship-building track record,yes,adzuna,https://www.adzuna.com/land/ad/5787528445?se=-kEubyh-8RG6JP0nGhfLVg&utm_medium=api&utm_source=946f5d01&v=0A202E3B8B48F01888883747AD6B71F4F721F5A2
False,2026-07-12,48,Business Development Manager,132409,Manhattan,55,pipeline building & new business generation; management experience (Feldmar service center); relationship cultivation background,yes,adzuna,https://www.adzuna.com/land/ad/5759311406?se=BGDibyh-8RG0uInBdMUEjg&utm_medium=api&utm_source=946f5d01&v=8B7F9AE14BC37310C1C53CA7BF9A2D85B8E1AC4A
False,2026-07-12,48,Program Administration Business Development Lead,131618,Trenton,45,"pipeline building & new business generation; ran high-volume service ops (200 units/mo, 7 techs); 5+ yrs customer-facing client relations",yes,adzuna,https://www.adzuna.com/land/ad/5746125820?se=BGDibyh-8RG0uInBdMUEjg&utm_medium=api&utm_source=946f5d01&v=7D96373250F39991770044108B2DA18F468A3369
False,2026-07-12,48,Mid Market Account Executive (Carolinas),130522,Trenton,45,"account/client relationship management; 5+ yrs sales across four industries; strong AI/automation interest, built AI tools",yes,adzuna,https://www.adzuna.com/land/ad/5757955460?se=LjmscCh-8RGPV6LIQ2afmA&utm_medium=api&utm_source=946f5d01&v=A2DFFD87D96D25C0968D48A2CEAF191AC794C0AA
False,2026-07-12,48,AVP - Account Sales Manager - DSG,130000,Manhattan,55,"⚠ Executive-level role — likely requires 10+ yrs leadership. account/client relationship management; 5+ yrs sales across four industries; ran high-volume service ops (200 units/mo, 7 techs)",yes,adzuna,https://www.adzuna.com/land/ad/5796862382?se=-kEubyh-8RG6JP0nGhfLVg&utm_medium=api&utm_source=946f5d01&v=770287DC3FD7295A550F5125C3785EFC8EF7538A
False,2026-07-12,48,Client Success Manager,130000,New York,55,management experience (Feldmar service center); 5+ yrs customer-facing client relations; client satisfaction focus (Star Communications),yes,adzuna,https://www.adzuna.com/land/ad/5529989116?se=7NZZcSh-8RGPV6LIQ2afmA&utm_medium=api&utm_source=946f5d01&v=290D7ED2AA0567B7A13582DA271995E4933C94CC
False,2026-07-12,48,Director of Customer Success,,Remote,0,leadership/ops management background; customer needs assessment & service ops; client satisfaction focus (Star Communications),yes,remoteok,https://remoteOK.com/remote-jobs/remote-director-of-customer-success-innergy-1134738
False,2026-07-12,48,Customer Success Manager,,Remote,0,management experience (Feldmar service center); customer needs assessment & service ops; client satisfaction focus (Star Communications),yes,remoteok,https://remoteOK.com/remote-jobs/remote-customer-success-manager-innergy-1134651
False,2026-07-12,48,New Homes Community Manager,,Remote,0,"5+ yrs sales across four industries; management experience (Feldmar service center); strong AI/automation interest, built AI tools",yes,themuse,https://www.themuse.com/jobs/sunrun/new-homes-community-manager-3caf46
False,2026-07-12,48,New Homes Community Manager,,Remote,0,"5+ yrs sales across four industries; management experience (Feldmar service center); strong AI/automation interest, built AI tools",yes,themuse,https://www.themuse.com/jobs/sunrun/new-homes-community-manager
False,2026-07-12,48,"Alliance Sales Executive, Associate Director - Databricks, Industrials & Energy",,Woodbridge,20,"5+ yrs sales across four industries; leadership/ops management background; strong AI/automation interest, built AI tools",yes,jooble,https://jooble.org/away/2309465623043904643?p=1&pos=20&rgn=30472&cid=15057&ckey=sales+manager&jobAge=109&brelb=100&scr=73.035736&bscr=73.035736&aq=8458495097366452952&elckey=-3918552742973597592
False,2026-07-12,48,Sales Manager,,Brooklyn,85,"5+ yrs sales across four industries; management experience (Feldmar service center); strong AI/automation interest, built AI tools",yes,staffconnect,https://staffconnectny.catsone.com/careers/98575-General/jobs/16363781-Sales-Manager/
False,2026-07-12,48,Account Manager,,Brooklyn,85,account/client relationship management; management experience (Feldmar service center); customer needs assessment & service ops,yes,staffconnect,https://staffconnectny.catsone.com/careers/98575-General/jobs/15177421-Account-Manager/
False,2026-07-12,48,Territory Sales Manager,,Edison,0,"5+ yrs sales across four industries; management experience (Feldmar service center); strong AI/automation interest, built AI tools",yes,jooble,https://jooble.org/away/3804472750089133655?p=1&pos=15&rgn=30472&cid=15057&ckey=sales+manager&jobAge=85&brelb=100&scr=80.52913&bscr=80.52913&aq=8458495097366452952&elckey=-3918552742973597592
False,2026-07-12,48,SAP Finance - Cost Center Accounting - Manager Consultant - Location Open,,New Brunswick,10,"account/client relationship management; management experience (Feldmar service center); strong AI/automation interest, built AI tools",yes,jooble,https://jooble.org/away/8895421495412036371?p=1&pos=13&rgn=30472&cid=15057&ckey=account+executive&jobAge=85&brelb=10&scr=56.54489&bscr=56.54489&aq=-7957313913312643794&elckey=-8376325485084513766
False,2026-07-12,44,"Business Development Executive Advisor, Labor",159585,Manhattan,55,pipeline building & new business generation; 5+ yrs sales across four industries; relationship cultivation background,yes,adzuna,https://www.adzuna.com/land/ad/5671455326?se=BGDibyh-8RG0uInBdMUEjg&utm_medium=api&utm_source=946f5d01&v=DA595F2C42FEB446ABD222B6644A4FA193AA3890
False,2026-07-12,44,Sales Manager,158404,Trenton,45,5+ yrs sales across four industries; management experience (Feldmar service center); relationship cultivation background,yes,adzuna,https://www.adzuna.com/details/5793152367?utm_medium=api&utm_source=946f5d01
False,2026-07-12,44,Account Executive III,155108,Manhattan,55,account/client relationship management; 5+ yrs sales across four industries; customer needs assessment & service ops,yes,adzuna,https://www.adzuna.com/land/ad/5780760237?se=LjmscCh-8RGPV6LIQ2afmA&utm_medium=api&utm_source=946f5d01&v=046A5F89E334D907C853DD8BF17755559C3D593C
False,2026-07-12,44,"Account Executive, ComSec ACQ",148980,Manhattan,55,"B2B client experience (Star Communications); account/client relationship management; strong AI/automation interest, built AI tools",yes,adzuna,https://www.adzuna.com/land/ad/5753875466?se=LjmscCh-8RGPV6LIQ2afmA&utm_medium=api&utm_source=946f5d01&v=24714F5DDF68DE849BE3E700AE2E19CF18186B30
False,2026-07-12,44,Sr. Account Executive - Medical Device,141060,Trenton,45,account/client relationship management; 5+ yrs sales across four industries; customer needs assessment & service ops,yes,adzuna,https://www.adzuna.com/land/ad/5722453202?se=LjmscCh-8RGPV6LIQ2afmA&utm_medium=api&utm_source=946f5d01&v=E7DB667C455716DC38A86056C025169D1E4D002A
False,2026-07-12,44,Account Executive - Workvivo,139762,Manhattan,55,account/client relationship management; 5+ yrs sales across four industries; customer needs assessment & service ops,yes,adzuna,https://www.adzuna.com/land/ad/5788688571?se=LjmscCh-8RGPV6LIQ2afmA&utm_medium=api&utm_source=946f5d01&v=9A9A7C16CF10205E7B404AB232C2A77876F6DD9F
False,2026-07-12,44,Sales Manager,139206,Unknown,,5+ yrs sales across four industries; management experience (Feldmar service center); relationship cultivation background,yes,adzuna,https://www.adzuna.com/details/5793152328?utm_medium=api&utm_source=946f5d01
False,2026-07-12,44,Global Transaction Banking (GTB) Doc Trade Product Specialist - VP,,New York,55,"management experience (Feldmar service center); strong AI/automation interest, built AI tools; 5+ yrs customer-facing client relations",yes,themuse,https://www.themuse.com/jobs/santanderus/global-transaction-banking-gtb-doc-trade-product-specialist-vp-40a8fa
False,2026-07-12,44,"Director, Deal Strategy & Enablement- APAC",,Remote,0,"5+ yrs sales across four industries; leadership/ops management background; strong AI/automation interest, built AI tools",yes,themuse,https://www.themuse.com/jobs/equinixinc/director-deal-strategy-enablement-apac
False,2026-07-12,40,Sales Manager,450000,New York,55,5+ yrs sales across four industries; management experience (Feldmar service center),yes,adzuna,https://www.adzuna.com/land/ad/5755130009?se=-kEubyh-8RG6JP0nGhfLVg&utm_medium=api&utm_source=946f5d01&v=00C1102D605E58324EA4B39F27384854B0E2A1A6
False,2026-07-12,40,District Sales Manager - SLED,208086,Manhattan,55,5+ yrs sales across four industries; management experience (Feldmar service center),yes,adzuna,https://www.adzuna.com/land/ad/5779741873?se=-kEubyh-8RG6JP0nGhfLVg&utm_medium=api&utm_source=946f5d01&v=AC6181F99CD3501CA1EB822D14E9DC4EF211F8E1
False,2026-07-12,40,Sales Manager - Americas,203945,Manhattan,55,5+ yrs sales across four industries; management experience (Feldmar service center),yes,adzuna,https://www.adzuna.com/land/ad/5689419112?se=-kEubyh-8RG6JP0nGhfLVg&utm_medium=api&utm_source=946f5d01&v=5406EC80C1CCA3B05CCDBAE93C6150FB9C032499
False,2026-07-12,40,"District Sales Manager, System Integrators",201043,Manhattan,55,5+ yrs sales across four industries; management experience (Feldmar service center),yes,adzuna,https://www.adzuna.com/land/ad/5664393246?se=-kEubyh-8RG6JP0nGhfLVg&utm_medium=api&utm_source=946f5d01&v=BAF6048271E742A899E557391324E8AF6B0F853A
False,2026-07-12,40,Conversational AI and Agentic AI - Manager,192010,Manhattan,55,"management experience (Feldmar service center); strong AI/automation interest, built AI tools; 5+ yrs customer-facing client relations",yes,adzuna,https://www.adzuna.com/land/ad/5781498988?se=7NZZcSh-8RGPV6LIQ2afmA&utm_medium=api&utm_source=946f5d01&v=1A34D36CB5458F0C4269B899D45F49ADEFCBFBE9
False,2026-07-12,40,Client Solutions Director – Sensr Analytics and Databridge,190000,Unknown,,management experience (Feldmar service center); leadership/ops management background; 5+ yrs customer-facing client relations,yes,adzuna,https://www.adzuna.com/details/5704395703?utm_medium=api&utm_source=946f5d01
False,2026-07-12,40,Area Sales Manager - Distribution Sales (Central US),185094,Manhattan,55,5+ yrs sales across four industries; management experience (Feldmar service center),yes,adzuna,https://www.adzuna.com/land/ad/5770053841?se=-kEubyh-8RG6JP0nGhfLVg&utm_medium=api&utm_source=946f5d01&v=58BA01BD67EB67360162FD7BF42C0D7D5E47158C
False,2026-07-12,40,Claim Account Executive,180000,Unknown,,"account/client relationship management; strong AI/automation interest, built AI tools",yes,jooble,https://jooble.org/away/4679590622300952233?p=1&pos=3&rgn=30472&cid=15057&ckey=account+executive&jobAge=61&brelb=100&scr=81.311905&bscr=81.311905&aq=-7957313913312643794&elckey=-8376325485084513766
False,2026-07-12,40,Enterprise Account Executive (New York),158892,New York,55,"account/client relationship management; ran high-volume service ops (200 units/mo, 7 techs); customer needs assessment & service ops",yes,adzuna,https://www.adzuna.com/land/ad/5654474072?se=LjmscCh-8RGPV6LIQ2afmA&utm_medium=api&utm_source=946f5d01&v=E591EBA0D67FD40043135DBB9747552154BCC245
False,2026-07-12,40,Corporate Accounts Executive,156543,Somerset,30,"account/client relationship management; strong AI/automation interest, built AI tools; customer needs assessment & service ops",yes,adzuna,https://www.adzuna.com/land/ad/5756814083?se=LjmscCh-8RGPV6LIQ2afmA&utm_medium=api&utm_source=946f5d01&v=8554B533340C21AF48BA5B4870767685151C5755
False,2026-07-12,40,Sales in the Medical Industry,150000,Brooklyn,85,"5+ yrs sales across four industries; strong AI/automation interest, built AI tools; customer needs assessment & service ops",yes,staffconnect,https://staffconnectny.catsone.com/careers/98575-General/jobs/16172875-Sales-in-the-Medical-Industry/
False,2026-07-12,40,D365 CRM or Copilot/AI Technical Lead - Manager,143447,Manhattan,55,"management experience (Feldmar service center); strong AI/automation interest, built AI tools; 5+ yrs customer-facing client relations",yes,adzuna,https://www.adzuna.com/land/ad/5725521445?se=7NZZcSh-8RGPV6LIQ2afmA&utm_medium=api&utm_source=946f5d01&v=F07E6602FCD342F8E6C82891DE965B266ADC91F6
False,2026-07-12,40,Sales Manager,134755,New York,55,5+ yrs sales across four industries; management experience (Feldmar service center),yes,adzuna,https://www.adzuna.com/details/5724939528?utm_medium=api&utm_source=946f5d01
False,2026-07-12,40,"Channel Sales Manager, Salesforce - FSI",134446,Princeton,35,5+ yrs sales across four industries; management experience (Feldmar service center),yes,adzuna,https://www.adzuna.com/land/ad/5760853910?se=-kEubyh-8RG6JP0nGhfLVg&utm_medium=api&utm_source=946f5d01&v=B02061BDD8B4D4F4BF044B3748666C58B8DFA9E0
False,2026-07-12,40,"Channel Sales Manager, Salesforce - FSI",132591,Unknown,,5+ yrs sales across four industries; management experience (Feldmar service center),yes,adzuna,https://www.adzuna.com/land/ad/5760853929?se=-kEubyh-8RG6JP0nGhfLVg&utm_medium=api&utm_source=946f5d01&v=1403998A4A50D90F2ACEE33D1036FA832B941D03
False,2026-07-12,40,Sales Manager,131432,New York,55,5+ yrs sales across four industries; management experience (Feldmar service center),yes,adzuna,https://www.adzuna.com/details/5752868079?utm_medium=api&utm_source=946f5d01
False,2026-07-12,40,District Sales Manager - SLED,130162,Trenton,45,5+ yrs sales across four industries; management experience (Feldmar service center),yes,adzuna,https://www.adzuna.com/land/ad/5779750556?se=-kEubyh-8RG6JP0nGhfLVg&utm_medium=api&utm_source=946f5d01&v=726E62E6212F3B0005533B9F07A7988FA1105D27
False,2026-07-12,40,Outside Sales Rep #1106 Brooklyn NY FULL TIME Sales AGENCY,,Brooklyn,85,5+ yrs sales across four industries; in-person consultative sales background,yes,yidjob,https://yidjob.com/job/brooklyn-new-york-15-outside-sales-rep-1106/
False,2026-07-12,40,Accounts Assistant,,Remote,0,"account/client relationship management; ran high-volume service ops (200 units/mo, 7 techs); strong AI/automation interest, built AI tools",yes,remoteok,https://remoteOK.com/remote-jobs/remote-accounts-assistant-cxc-upstream-ltd-1134628
False,2026-07-12,40,Field Sales Consultant,,New York,55,"5+ yrs sales across four industries; strong AI/automation interest, built AI tools; customer needs assessment & service ops",yes,themuse,https://www.themuse.com/jobs/sunrun/field-sales-consultant-2a24d2
False,2026-07-12,40,AI-Driven Cloud Growth Strategist,,Edison,0,"pipeline building & new business generation; management experience (Feldmar service center); strong AI/automation interest, built AI tools",yes,jooble,https://jooble.org/away/-241518766606390073?p=1&pos=10&rgn=30472&cid=15057&ckey=business+development&jobAge=37&brelb=100&scr=109.31063&bscr=109.31063&aq=-8743698715668612262&elckey=1743436203366976633
False,2026-07-12,40,Account Executive – Multiple Locations #141902,,Unknown,,"account/client relationship management; ran high-volume service ops (200 units/mo, 7 techs); strong AI/automation interest, built AI tools",yes,candibots,https://candibots.com/jobs/account-executive-multiple-locations/
False,2026-07-12,36,"Senior Director of Commercial Operations, Insights and Analytics",250000,Woodbridge,20,"ran high-volume service ops (200 units/mo, 7 techs); leadership/ops management background; relationship cultivation background",yes,jooble,https://jooble.org/away/-621816135126378869?p=1&pos=18&rgn=30472&cid=15057&ckey=business+development&jobAge=37&brelb=100&scr=64.298546&bscr=64.298546&aq=-8743698715668612262&elckey=1743436203366976633
False,2026-07-12,36,Salesman,,Brooklyn,85,account/client relationship management; 5+ yrs sales across four industries,yes,staffconnect,https://staffconnectny.catsone.com/careers/98575-General/jobs/15079621-Salesman/
False,2026-07-12,32,"Regional Director, Construction & Life Sciences",350000,New Brunswick,10,leadership/ops management background; 5+ yrs customer-facing client relations; relationship-building track record,yes,jooble,https://jooble.org/away/4424097323680140031?p=1&pos=9&rgn=30472&cid=15057&ckey=account+executive&jobAge=85&brelb=100&scr=62.78919&bscr=62.78919&aq=-7957313913312643794&elckey=-8376325485084513766
False,2026-07-12,32,Relationship Manager,300000,Unknown,,management experience (Feldmar service center); relationship-building track record,yes,poelgroup,https://jobs.poelgroup.com/jb/Relationship-Manager-Jobs-in-Clifton-New-Jersey/14155052
False,2026-07-12,32,"Director, Business Valuation Litigation - Valuation Advisory",300000,Edison,0,pipeline building & new business generation; leadership/ops management background; relationship cultivation background,yes,jooble,https://jooble.org/away/-7555487695833877959?p=1&pos=6&rgn=30472&cid=15057&ckey=business+development&jobAge=61&brelb=100&scr=151.51303&bscr=151.51303&aq=-8743698715668612262&elckey=1743436203366976633
False,2026-07-12,32,"Senior Manager, Oracle Cloud Technical Lead",241474,Manhattan,55,"management experience (Feldmar service center); strong AI/automation interest, built AI tools; 5+ yrs customer-facing client relations",yes,adzuna,https://www.adzuna.com/land/ad/5709870904?se=7NZZcSh-8RGPV6LIQ2afmA&utm_medium=api&utm_source=946f5d01&v=88798619D94E7C426E45604E7EE53BBB5F9A4F39
False,2026-07-12,32,Account Executive - Core Lab,230027,Manhattan,55,"account/client relationship management; strong AI/automation interest, built AI tools",yes,adzuna,https://www.adzuna.com/land/ad/5779689900?se=LjmscCh-8RGPV6LIQ2afmA&utm_medium=api&utm_source=946f5d01&v=A3010D8AC52D51EA6517428D31418E2B8A0AE1E2
False,2026-07-12,32,"Account Executive, Startups",212789,Manhattan,55,"account/client relationship management; strong AI/automation interest, built AI tools",yes,adzuna,https://www.adzuna.com/land/ad/5761987289?se=LjmscCh-8RGPV6LIQ2afmA&utm_medium=api&utm_source=946f5d01&v=F8149549FC079FC895D90CE2AB570F3480457F49
False,2026-07-12,32,"Account Executive, Startups",210328,Manhattan,55,"account/client relationship management; strong AI/automation interest, built AI tools",yes,adzuna,https://www.adzuna.com/land/ad/5763991342?se=LjmscCh-8RGPV6LIQ2afmA&utm_medium=api&utm_source=946f5d01&v=6A2FC1CB2A5DC79AB672825B2C14D45F1DCCEA9F
False,2026-07-12,32,Comprehensive Solutions Account Executive,205387,Queens,90,"account/client relationship management; strong AI/automation interest, built AI tools",yes,adzuna,https://www.adzuna.com/land/ad/5684669665?se=LjmscCh-8RGPV6LIQ2afmA&utm_medium=api&utm_source=946f5d01&v=EC03CF74A77F66AF54F6126DEA19C6505D49E288
False,2026-07-12,32,"Sr. Account Executive, Grocery",201892,Manhattan,55,"account/client relationship management; strong AI/automation interest, built AI tools",yes,adzuna,https://www.adzuna.com/land/ad/5645663077?se=LjmscCh-8RGPV6LIQ2afmA&utm_medium=api&utm_source=946f5d01&v=2552F71C5A3A53C81A60593D1F273CB9A711431D
False,2026-07-12,32,"Senior Manager, Oracle Cloud Technical Lead",190308,Unknown,,"management experience (Feldmar service center); strong AI/automation interest, built AI tools; 5+ yrs customer-facing client relations",yes,adzuna,https://www.adzuna.com/land/ad/5709933521?se=7NZZcSh-8RGPV6LIQ2afmA&utm_medium=api&utm_source=946f5d01&v=F37B3F4DF3D8CAF93F6B9D341A79CCFA51A2B062
False,2026-07-12,32,"Sr. Account Executive, Hardlines",181648,Manhattan,55,account/client relationship management; customer needs assessment & service ops,yes,adzuna,https://www.adzuna.com/land/ad/5768842647?se=LjmscCh-8RGPV6LIQ2afmA&utm_medium=api&utm_source=946f5d01&v=4E6A1D0A5D82432648CA656A5F9EBB56494E29D0
False,2026-07-12,32,"Senior Systems Specialist, Business Development Platforms - Hybrid",160384,Manhattan (Hybrid),55,pipeline building & new business generation; relationship cultivation background,yes,adzuna,https://www.adzuna.com/land/ad/5721627614?se=BGDibyh-8RG0uInBdMUEjg&utm_medium=api&utm_source=946f5d01&v=466E9F4DBE75396CA786775A956D50B660B06ADA
False,2026-07-12,32,Market Operations Manager,160000,Manhattan,55,"ran high-volume service ops (200 units/mo, 7 techs); management experience (Feldmar service center)",yes,adzuna,https://www.adzuna.com/details/5779692670?utm_medium=api&utm_source=946f5d01
False,2026-07-12,32,Sr. Account Executive,154550,Manhattan,55,account/client relationship management; customer needs assessment & service ops,yes,adzuna,https://www.adzuna.com/land/ad/5709918636?se=LjmscCh-8RGPV6LIQ2afmA&utm_medium=api&utm_source=946f5d01&v=869EC37FD25F53DF72EF4D0A9768F93FCE914E44
False,2026-07-12,32,Account Executive,140924,Newark,35,"account/client relationship management; strong AI/automation interest, built AI tools",yes,adzuna,https://www.adzuna.com/land/ad/5779750702?se=LjmscCh-8RGPV6LIQ2afmA&utm_medium=api&utm_source=946f5d01&v=DDEE7B4555A8E0CFC460416F86B88D30C3A25242
False,2026-07-12,32,"Senior Account Executive, Programmatic",138598,Manhattan,55,"account/client relationship management; strong AI/automation interest, built AI tools",yes,adzuna,https://www.adzuna.com/land/ad/5775672034?se=LjmscCh-8RGPV6LIQ2afmA&utm_medium=api&utm_source=946f5d01&v=EEE3DA825763A646D272022AF9A1642157700E34
False,2026-07-12,32,Account Executive,130517,Manhattan,55,account/client relationship management; customer needs assessment & service ops,yes,adzuna,https://www.adzuna.com/land/ad/5700905913?se=LjmscCh-8RGPV6LIQ2afmA&utm_medium=api&utm_source=946f5d01&v=490C701615A021EB3355AD824E01341C06C49610
False,2026-07-12,32,Mid/Senior AI Cinematic Video Editor,,Remote,0,"strong AI/automation interest, built AI tools; customer needs assessment & service ops; relationship-building track record",yes,remotive,https://remotive.com/remote-jobs/artificial-intelligence/mid-senior-ai-cinematic-video-editor-2090887
False,2026-07-12,32,Customer Support,,Remote,0,"strong AI/automation interest, built AI tools; customer needs assessment & service ops; client satisfaction focus (Star Communications)",yes,remoteok,https://remoteOK.com/remote-jobs/remote-customer-support-recruitlytixs-hirings-1134678
False,2026-07-12,32,"Private Client Financial Advisor - Canal Street, Manhattan",,Manhattan,55,"strong AI/automation interest, built AI tools; 5+ yrs customer-facing client relations; relationship-building track record",yes,themuse,https://www.themuse.com/jobs/citizens/private-client-financial-advisor-canal-street-manhattan-31cedc
False,2026-07-12,32,Maintenance & Reliability Manager,,Unknown,,"management experience (Feldmar service center); strong AI/automation interest, built AI tools",yes,jooble,https://jooble.org/away/-6840015503676715205?p=1&pos=19&rgn=30472&cid=15057&ckey=account+executive&jobAge=61&brelb=10&scr=49.48008&bscr=49.48008&aq=-7957313913312643794&elckey=-8376325485084513766
False,2026-07-12,32,Sales Role Brooklyn NY FULL TIME Sales,,Brooklyn (Hybrid),85,"5+ yrs sales across four industries; strong AI/automation interest, built AI tools",yes,yidjob,https://yidjob.com/job/brooklyn-new-york-15-sales-role/
False,2026-07-12,32,Merrill Advisor Development Program - Financial Advisor: Park Ave Market,,New York,55,"strong AI/automation interest, built AI tools; 5+ yrs customer-facing client relations; relationship-building track record",yes,themuse,https://www.themuse.com/jobs/bankofamerica/merrill-advisor-development-program-financial-advisor-park-ave-market
False,2026-07-12,32,Merrill Advisor Development Program - Financial Advisor: SD Financial Center Market,,New York,55,"strong AI/automation interest, built AI tools; 5+ yrs customer-facing client relations; relationship-building track record",yes,themuse,https://www.themuse.com/jobs/bankofamerica/merrill-advisor-development-program-financial-advisor-sd-financial-center-market
False,2026-07-12,28,Digital Assets Consultant,240973,Manhattan,55,"ran high-volume service ops (200 units/mo, 7 techs); management experience (Feldmar service center); 5+ yrs customer-facing client relations",yes,adzuna,https://www.adzuna.com/land/ad/5797536490?se=7NZZcSh-8RGPV6LIQ2afmA&utm_medium=api&utm_source=946f5d01&v=A36FC84CFC7932C97225163FF5D27AC8C28E8385
False,2026-07-12,28,Digital Assets Consultant,201994,Unknown,,"ran high-volume service ops (200 units/mo, 7 techs); management experience (Feldmar service center); 5+ yrs customer-facing client relations",yes,adzuna,https://www.adzuna.com/land/ad/5762019129?se=7NZZcSh-8RGPV6LIQ2afmA&utm_medium=api&utm_source=946f5d01&v=C59B59564E776EC43ACAD2094E337191FBA7D12C
False,2026-07-12,28,Director Radiation Oncology,185000,New Brunswick,10,account/client relationship management; leadership/ops management background,yes,jooble,https://jooble.org/away/-5745521931043039066?p=1&pos=2&rgn=30472&cid=15057&ckey=account+executive&jobAge=13&brelb=100&scr=91.371506&bscr=91.371506&aq=-7957313913312643794&elckey=-8376325485084513766
False,2026-07-12,28,Director Radiation Oncology,185000,New Brunswick,10,account/client relationship management; leadership/ops management background,yes,jooble,https://jooble.org/away/5560339633949783474?p=1&pos=16&rgn=30472&cid=15057&ckey=account+executive&jobAge=109&brelb=110&scr=52.821148&bscr=52.821148&aq=-7957313913312643794&elckey=-8376325485084513766
False,2026-07-12,28,"Sr. Director, Security & Defense, Orthopedics",178000,New Brunswick,10,account/client relationship management; leadership/ops management background,yes,jooble,https://jooble.org/away/-3178268028831041020?p=1&pos=14&rgn=30472&cid=15057&ckey=account+executive&jobAge=103&brelb=10&scr=56.17737&bscr=56.17737&aq=-7957313913312643794&elckey=-8376325485084513766
False,2026-07-12,28,Middle Market Underwriting Manager,,Iselin,15,account/client relationship management; management experience (Feldmar service center),yes,jooble,https://jooble.org/away/198575124048522705?p=1&pos=8&rgn=30472&cid=15057&ckey=account+executive&jobAge=133&brelb=10&scr=62.93182&bscr=62.93182&aq=-7957313913312643794&elckey=-8376325485084513766
False,2026-07-12,28,Benefits Director,,Piscataway,20,account/client relationship management; leadership/ops management background,yes,jooble,https://jooble.org/away/6400532065903365447?p=1&pos=18&rgn=30472&cid=15057&ckey=account+executive&jobAge=109&brelb=10&scr=50.179153&bscr=50.179153&aq=-7957313913312643794&elckey=-8376325485084513766
False,2026-07-12,24,Account Executive,301902,Manhattan (Hybrid),55,account/client relationship management,yes,adzuna,https://www.adzuna.com/land/ad/5782779968?se=LjmscCh-8RGPV6LIQ2afmA&utm_medium=api&utm_source=946f5d01&v=9777BC1535FA604CA23897A7BD5FE2F1727BE466
False,2026-07-12,24,Account Executive,290653,Manhattan (Hybrid),55,account/client relationship management,yes,adzuna,https://www.adzuna.com/land/ad/5777178968?se=LjmscCh-8RGPV6LIQ2afmA&utm_medium=api&utm_source=946f5d01&v=C69704DF1DBCF1CA4A56BBF1939012E5BF317A41
False,2026-07-12,24,SALES REPRESENTATIVE (BUILDING MATERIALS – DOORS) - 2246,250000,Brooklyn (Hybrid),85,5+ yrs sales across four industries,yes,bhired,https://recruiterflow.com/Bhired/jobs/2246?widget=1
False,2026-07-12,24,"Manager, Oracle Cloud Technical Lead",195827,Manhattan,55,management experience (Feldmar service center); 5+ yrs customer-facing client relations,yes,adzuna,https://www.adzuna.com/land/ad/5778522400?se=7NZZcSh-8RGPV6LIQ2afmA&utm_medium=api&utm_source=946f5d01&v=36EE95916E9EF4E574797E5FBD98AA8A9F6A5B6E
False,2026-07-12,24,Enterprise Account Executive,191572,Manhattan,55,account/client relationship management,yes,adzuna,https://www.adzuna.com/land/ad/5794984831?se=LjmscCh-8RGPV6LIQ2afmA&utm_medium=api&utm_source=946f5d01&v=C5D7B9F1AEB562A868FC639B37D18D4F2EEAB41F
False,2026-07-12,24,Senior Account Executive,179299,Manhattan,55,account/client relationship management,yes,adzuna,https://www.adzuna.com/land/ad/5742882615?se=LjmscCh-8RGPV6LIQ2afmA&utm_medium=api&utm_source=946f5d01&v=D0402BCDB510456E6D4771A47439B827F53E908F
False,2026-07-12,24,"Vice President, Business Development",175945,Trenton,45,"⚠ Executive-level role — likely requires 10+ yrs leadership. pipeline building & new business generation; strong AI/automation interest, built AI tools; client satisfaction focus (Star Communications)",yes,adzuna,https://www.adzuna.com/land/ad/5755029807?se=BGDibyh-8RG0uInBdMUEjg&utm_medium=api&utm_source=946f5d01&v=3416B2E5D0E1DA047CCC4A522936A56D74CFDFCE
False,2026-07-12,24,Commercial Account Executive,154993,Somerset,30,account/client relationship management,yes,adzuna,https://www.adzuna.com/land/ad/5757955889?se=LjmscCh-8RGPV6LIQ2afmA&utm_medium=api&utm_source=946f5d01&v=61B8CE86636A15C2BCB1712DA8FFFC6E046B8B03
False,2026-07-12,24,"Manager, Oracle Cloud Technical Lead",154333,Unknown,,management experience (Feldmar service center); 5+ yrs customer-facing client relations,yes,adzuna,https://www.adzuna.com/land/ad/5778561572?se=7NZZcSh-8RGPV6LIQ2afmA&utm_medium=api&utm_source=946f5d01&v=FE08B74E36AB29AD05CDBC7D54B35A9BB75201E2
False,2026-07-12,24,Subsidiary Payments Sales Manager - Vice President,147453,Jersey City,60,⚠ Executive-level role — likely requires 10+ yrs leadership. 5+ yrs sales across four industries; management experience (Feldmar service center); 5+ yrs customer-facing client relations,yes,adzuna,https://www.adzuna.com/land/ad/5789984367?se=-kEubyh-8RG6JP0nGhfLVg&utm_medium=api&utm_source=946f5d01&v=DE651CB1418DC7B9DBAF9B7C0F5104E6E6E07770
False,2026-07-12,24,"Manager, Forensics - Resilience & Disaster Recovery",145000,Manhattan,55,"management experience (Feldmar service center); strong AI/automation interest, built AI tools",yes,adzuna,https://www.adzuna.com/details/5768949617?utm_medium=api&utm_source=946f5d01
False,2026-07-12,24,Enterprise Account Executive,143286,New York,55,account/client relationship management,yes,adzuna,https://www.adzuna.com/land/ad/5777176195?se=LjmscCh-8RGPV6LIQ2afmA&utm_medium=api&utm_source=946f5d01&v=479D7431BE65087332BFC2DFE1EE0173300EBC36
False,2026-07-12,24,Senior Account Executive,137747,Manhattan,55,account/client relationship management,yes,adzuna,https://www.adzuna.com/land/ad/5749956673?se=LjmscCh-8RGPV6LIQ2afmA&utm_medium=api&utm_source=946f5d01&v=6187E0DBBAA8A466296E6D576EE7E96DBCA372D8
False,2026-07-12,24,FIELD SALES SPECIALIST - 1731,,Brooklyn,85,5+ yrs sales across four industries,yes,bhired,https://recruiterflow.com/Bhired/jobs/1731?widget=1
False,2026-07-12,24,FIELD SALES SPECIALIST - 1384,,Brooklyn,85,5+ yrs sales across four industries,yes,bhired,https://recruiterflow.com/Bhired/jobs/1384?widget=1
False,2026-07-12,24,Interior Design Sales,,Unknown,,5+ yrs sales across four industries,yes,staffconnect,https://staffconnectny.catsone.com/careers/98575-General/jobs/16374904-Interior-Design-Sales/
False,2026-07-12,24,Kitchen Salesman,,Brooklyn,85,5+ yrs sales across four industries,yes,staffconnect,https://staffconnectny.catsone.com/careers/98575-General/jobs/15589493-Kitchen-Salesman/
False,2026-07-12,24,Human Resources Assistant,,Remote,0,"ran high-volume service ops (200 units/mo, 7 techs); strong AI/automation interest, built AI tools; client satisfaction focus (Star Communications)",yes,remoteok,https://remoteOK.com/remote-jobs/remote-human-resources-assistant-recruitlytixs-hirings-1134680
False,2026-07-12,24,Health Navigator I,,Remote,0,"strong AI/automation interest, built AI tools; 5+ yrs customer-facing client relations; customer needs assessment & service ops",yes,remoteok,https://remoteOK.com/remote-jobs/remote-health-navigator-i-moda-health-1134652
False,2026-07-12,24,Project Coordinator,,Remote,0,"management experience (Feldmar service center); strong AI/automation interest, built AI tools; client satisfaction focus (Star Communications)",yes,remoteok,https://remoteOK.com/remote-jobs/remote-project-coordinator-franklin-fitch-1134634
False,2026-07-12,24,Attractions Instructor,,Remote,0,"ran high-volume service ops (200 units/mo, 7 techs); strong AI/automation interest, built AI tools; customer needs assessment & service ops",yes,remoteok,https://remoteOK.com/remote-jobs/remote-attractions-instructor-royal-caribbean-international-1134598
False,2026-07-12,22,KYC Compliance Analyst,,Remote,0,"⚠ Analyst role — not client-facing sales. 5+ yrs sales across four industries; strong AI/automation interest, built AI tools; 5+ yrs customer-facing client relations",yes,remoteok,https://remoteOK.com/remote-jobs/remote-kyc-compliance-analyst-kast-1134740
False,2026-07-12,20,Transportation Business Leader,350000,Unknown,,5+ yrs customer-facing client relations; relationship-building track record; relationship cultivation background,yes,jooble,https://jooble.org/away/5955529071403179887?p=1&pos=20&rgn=30472&cid=15057&ckey=business+development&jobAge=13&brelb=100&scr=61.171146&bscr=61.171146&aq=-8743698715668612262&elckey=1743436203366976633
False,2026-07-12,20,Product Manager,165000,Somerset,30,management experience (Feldmar service center); relationship cultivation background,yes,jooble,https://jooble.org/away/-4384799503802104471?p=1&pos=19&rgn=30472&cid=15057&ckey=business+development&jobAge=85&brelb=10&scr=61.714554&bscr=61.714554&aq=-8743698715668612262&elckey=1743436203366976633
False,2026-07-12,20,Director - Snowflake Product Owner,132385,Unknown,,leadership/ops management background; relationship cultivation background,yes,adzuna,https://www.adzuna.com/land/ad/5786210826?se=7NZZcSh-8RGPV6LIQ2afmA&utm_medium=api&utm_source=946f5d01&v=DF04C7F4AA805DF300AA8892044AF2D412C0DC77
False,2026-07-12,20,GCIB Associate - Insurance,,New York,55,5+ yrs customer-facing client relations; client satisfaction focus (Star Communications); relationship cultivation background,yes,themuse,https://www.themuse.com/jobs/bankofamerica/gcib-associate-insurance
False,2026-07-12,16,"Head of Revenue Strategy, Operations & Readiness",207704,New York (Hybrid),55,"ran high-volume service ops (200 units/mo, 7 techs)",yes,adzuna,https://www.adzuna.com/details/5746001033?utm_medium=api&utm_source=946f5d01
False,2026-07-12,16,"Remote VP, Acute Sales & Growth Strategy",185000,Remote,0,⚠ Executive-level role — likely requires 10+ yrs leadership. 5+ yrs sales across four industries; customer needs assessment & service ops,yes,jooble,https://jooble.org/away/747618322347440221?p=1&pos=8&rgn=30472&cid=15057&ckey=sales+manager&jobAge=109&brelb=100&scr=114.408455&bscr=114.408455&aq=8458495097366452952&elckey=-3918552742973597592
False,2026-07-12,16,Director Radiation Oncology,185000,New Brunswick,10,leadership/ops management background,yes,jooble,https://jooble.org/away/-5745521931043039066?p=1&pos=12&rgn=30472&cid=15057&ckey=sales+manager&jobAge=13&brelb=100&scr=91.60554&bscr=91.60554&aq=8458495097366452952&elckey=-3918552742973597592
False,2026-07-12,16,Senior Architect- Construction Administration,160000,Manhattan,55,5+ yrs customer-facing client relations; client satisfaction focus (Star Communications),yes,adzuna,https://www.adzuna.com/land/ad/5753046940?se=7NZZcSh-8RGPV6LIQ2afmA&utm_medium=api&utm_source=946f5d01&v=1F3D3DD29AEB5C6C0D373EC831C0626B3B6F48AC
False,2026-07-12,16,"Manager, Pension Calculation Administration",145352,Manhattan,55,management experience (Feldmar service center),yes,adzuna,https://www.adzuna.com/land/ad/5777172800?se=7NZZcSh-8RGPV6LIQ2afmA&utm_medium=api&utm_source=946f5d01&v=5C8072461B4AF5D0DFE762C8573347937C186F86
False,2026-07-12,16,GTM Recruiter,140000,Manhattan,55,"strong AI/automation interest, built AI tools; customer needs assessment & service ops",yes,adzuna,https://www.adzuna.com/details/5721024939?utm_medium=api&utm_source=946f5d01
False,2026-07-12,16,Designer,,Remote,0,"strong AI/automation interest, built AI tools; 5+ yrs customer-facing client relations",yes,remoteok,https://remoteOK.com/remote-jobs/remote-designer-crevtus-1134739
False,2026-07-12,16,Data Entry Specialist Assistant Administrator,,Remote,0,"ran high-volume service ops (200 units/mo, 7 techs); strong AI/automation interest, built AI tools",yes,remoteok,https://remoteOK.com/remote-jobs/remote-data-entry-specialist-assistant-administrator-recruitlytixs-hirings-1134677
False,2026-07-12,16,Administrative Assistant Entry Level,,Remote,0,"ran high-volume service ops (200 units/mo, 7 techs); strong AI/automation interest, built AI tools",yes,remoteok,https://remoteOK.com/remote-jobs/remote-administrative-assistant-entry-level-recruitlytixs-hirings-1134679
False,2026-07-12,16,Junior Ecommerce Specialist,,Remote,0,"strong AI/automation interest, built AI tools; customer needs assessment & service ops",yes,remoteok,https://remoteOK.com/remote-jobs/remote-junior-ecommerce-specialist-haystack-1134653
False,2026-07-12,16,Influencer &amp; Community Marketing Executive,,Remote,0,"strong AI/automation interest, built AI tools; relationship-building track record",yes,remoteok,https://remoteOK.com/remote-jobs/remote-influencer-amp-community-marketing-executive-ubt-1134631
False,2026-07-12,12,VP OF SALES - 2098,,Brooklyn,85,⚠ Executive-level role — likely requires 10+ yrs leadership. 5+ yrs sales across four industries,no,bhired,https://recruiterflow.com/Bhired/jobs/2098?widget=1
